district,official_control_code_2023,official_control_name_2023,published_control_label,control_type,accounting_stratum_id,employment_nominal,employment_reconciled,employment_rounding_lower,employment_rounding_upper_exclusive,rounding_increment_people,bulletin_unit,bulletin_rounding_note,subtotal_group,table_page_reference,employment_universe,reference_date,individual_business_included,geographic_table_exclusions,publication_url,official_code_reference_url,osm_relation_id,geometry_source,geometry_is_approximate,name_crosswalk_note,reconciliation_note
黄浦区,310101002000,南京东路街道,南京东路街道,street,310101002000,101851,101851,101851,101851,1,persons,exact person rows,ordinary,Table 1-5,2023 secondary- and tertiary-sector legal-entity workplace employment,2023-12-31,False,enterprise legal-unit data returned by financial regulators,https://www.shhuangpu.gov.cn/uploadfile/fcba008c-ee33-44f4-bfe0-8cbb16faaf83/%E4%B8%8A%E6%B5%B7%E5%B8%82%E9%BB%84%E6%B5%A6%E5%8C%BA%E7%AC%AC%E4%BA%94%E6%AC%A1%E5%85%A8%E5%9B%BD%E7%BB%8F%E6%B5%8E%E6%99%AE%E6%9F%A5%E4%B8%BB%E8%A6%81%E6%95%B0%E6%8D%AE%E5%85%AC%E6%8A%A5%EF%BC%88%E6%9C%80%E7%BB%88%E5%8F%91%E5%B8%83%E7%A8%BF%EF%BC%891%E5%8F%B7.pdf,https://www.stats.gov.cn/hd/lyzx/zxgk/202401/t20240104_1946235.html,12236005,OpenStreetMap,True,exact official-name match,nominal midpoint retained
黄浦区,310101013000,外滩街道,外滩街道,street,310101013000,113352,113352,113352,113352,1,persons,exact person rows,ordinary,Table 1-5,2023 secondary- and tertiary-sector legal-entity workplace employment,2023-12-31,False,enterprise legal-unit data returned by financial regulators,https://www.shhuangpu.gov.cn/uploadfile/fcba008c-ee33-44f4-bfe0-8cbb16faaf83/%E4%B8%8A%E6%B5%B7%E5%B8%82%E9%BB%84%E6%B5%A6%E5%8C%BA%E7%AC%AC%E4%BA%94%E6%AC%A1%E5%85%A8%E5%9B%BD%E7%BB%8F%E6%B5%8E%E6%99%AE%E6%9F%A5%E4%B8%BB%E8%A6%81%E6%95%B0%E6%8D%AE%E5%85%AC%E6%8A%A5%EF%BC%88%E6%9C%80%E7%BB%88%E5%8F%91%E5%B8%83%E7%A8%BF%EF%BC%891%E5%8F%B7.pdf,https://www.stats.gov.cn/hd/lyzx/zxgk/202401/t20240104_1946235.html,12235857,OpenStreetMap,True,exact official-name match,nominal midpoint retained
黄浦区,310101015000,半淞园路街道,半淞园路街道,street,310101015000,30334,30334,30334,30334,1,persons,exact person rows,ordinary,Table 1-5,2023 secondary- and tertiary-sector legal-entity workplace employment,2023-12-31,False,enterprise legal-unit data returned by financial regulators,https://www.shhuangpu.gov.cn/uploadfile/fcba008c-ee33-44f4-bfe0-8cbb16faaf83/%E4%B8%8A%E6%B5%B7%E5%B8%82%E9%BB%84%E6%B5%A6%E5%8C%BA%E7%AC%AC%E4%BA%94%E6%AC%A1%E5%85%A8%E5%9B%BD%E7%BB%8F%E6%B5%8E%E6%99%AE%E6%9F%A5%E4%B8%BB%E8%A6%81%E6%95%B0%E6%8D%AE%E5%85%AC%E6%8A%A5%EF%BC%88%E6%9C%80%E7%BB%88%E5%8F%91%E5%B8%83%E7%A8%BF%EF%BC%891%E5%8F%B7.pdf,https://www.stats.gov.cn/hd/lyzx/zxgk/202401/t20240104_1946235.html,12235902,OpenStreetMap,True,exact official-name match,nominal midpoint retained
黄浦区,310101017000,小东门街道,小东门街道,street,310101017000,126442,126442,126442,126442,1,persons,exact person rows,ordinary,Table 1-5,2023 secondary- and tertiary-sector legal-entity workplace employment,2023-12-31,False,enterprise legal-unit data returned by financial regulators,https://www.shhuangpu.gov.cn/uploadfile/fcba008c-ee33-44f4-bfe0-8cbb16faaf83/%E4%B8%8A%E6%B5%B7%E5%B8%82%E9%BB%84%E6%B5%A6%E5%8C%BA%E7%AC%AC%E4%BA%94%E6%AC%A1%E5%85%A8%E5%9B%BD%E7%BB%8F%E6%B5%8E%E6%99%AE%E6%9F%A5%E4%B8%BB%E8%A6%81%E6%95%B0%E6%8D%AE%E5%85%AC%E6%8A%A5%EF%BC%88%E6%9C%80%E7%BB%88%E5%8F%91%E5%B8%83%E7%A8%BF%EF%BC%891%E5%8F%B7.pdf,https://www.stats.gov.cn/hd/lyzx/zxgk/202401/t20240104_1946235.html,12235905,OpenStreetMap,True,exact official-name match,nominal midpoint retained
黄浦区,310101018000,豫园街道,豫园街道,street,310101018000,19681,19681,19681,19681,1,persons,exact person rows,ordinary,Table 1-5,2023 secondary- and tertiary-sector legal-entity workplace employment,2023-12-31,False,enterprise legal-unit data returned by financial regulators,https://www.shhuangpu.gov.cn/uploadfile/fcba008c-ee33-44f4-bfe0-8cbb16faaf83/%E4%B8%8A%E6%B5%B7%E5%B8%82%E9%BB%84%E6%B5%A6%E5%8C%BA%E7%AC%AC%E4%BA%94%E6%AC%A1%E5%85%A8%E5%9B%BD%E7%BB%8F%E6%B5%8E%E6%99%AE%E6%9F%A5%E4%B8%BB%E8%A6%81%E6%95%B0%E6%8D%AE%E5%85%AC%E6%8A%A5%EF%BC%88%E6%9C%80%E7%BB%88%E5%8F%91%E5%B8%83%E7%A8%BF%EF%BC%891%E5%8F%B7.pdf,https://www.stats.gov.cn/hd/lyzx/zxgk/202401/t20240104_1946235.html,12235904,OpenStreetMap,True,exact official-name match,nominal midpoint retained
黄浦区,310101019000,老西门街道,老西门街道,street,310101019000,16323,16323,16323,16323,1,persons,exact person rows,ordinary,Table 1-5,2023 secondary- and tertiary-sector legal-entity workplace employment,2023-12-31,False,enterprise legal-unit data returned by financial regulators,https://www.shhuangpu.gov.cn/uploadfile/fcba008c-ee33-44f4-bfe0-8cbb16faaf83/%E4%B8%8A%E6%B5%B7%E5%B8%82%E9%BB%84%E6%B5%A6%E5%8C%BA%E7%AC%AC%E4%BA%94%E6%AC%A1%E5%85%A8%E5%9B%BD%E7%BB%8F%E6%B5%8E%E6%99%AE%E6%9F%A5%E4%B8%BB%E8%A6%81%E6%95%B0%E6%8D%AE%E5%85%AC%E6%8A%A5%EF%BC%88%E6%9C%80%E7%BB%88%E5%8F%91%E5%B8%83%E7%A8%BF%EF%BC%891%E5%8F%B7.pdf,https://www.stats.gov.cn/hd/lyzx/zxgk/202401/t20240104_1946235.html,12235903,OpenStreetMap,True,exact official-name match,nominal midpoint retained
黄浦区,310101020000,五里桥街道,五里桥街道,street,310101020000,45959,45959,45959,45959,1,persons,exact person rows,ordinary,Table 1-5,2023 secondary- and tertiary-sector legal-entity workplace employment,2023-12-31,False,enterprise legal-unit data returned by financial regulators,https://www.shhuangpu.gov.cn/uploadfile/fcba008c-ee33-44f4-bfe0-8cbb16faaf83/%E4%B8%8A%E6%B5%B7%E5%B8%82%E9%BB%84%E6%B5%A6%E5%8C%BA%E7%AC%AC%E4%BA%94%E6%AC%A1%E5%85%A8%E5%9B%BD%E7%BB%8F%E6%B5%8E%E6%99%AE%E6%9F%A5%E4%B8%BB%E8%A6%81%E6%95%B0%E6%8D%AE%E5%85%AC%E6%8A%A5%EF%BC%88%E6%9C%80%E7%BB%88%E5%8F%91%E5%B8%83%E7%A8%BF%EF%BC%891%E5%8F%B7.pdf,https://www.stats.gov.cn/hd/lyzx/zxgk/202401/t20240104_1946235.html,12235959,OpenStreetMap,True,exact official-name match,nominal midpoint retained
黄浦区,310101021000,打浦桥街道,打浦桥街道,street,310101021000,49936,49936,49936,49936,1,persons,exact person rows,ordinary,Table 1-5,2023 secondary- and tertiary-sector legal-entity workplace employment,2023-12-31,False,enterprise legal-unit data returned by financial regulators,https://www.shhuangpu.gov.cn/uploadfile/fcba008c-ee33-44f4-bfe0-8cbb16faaf83/%E4%B8%8A%E6%B5%B7%E5%B8%82%E9%BB%84%E6%B5%A6%E5%8C%BA%E7%AC%AC%E4%BA%94%E6%AC%A1%E5%85%A8%E5%9B%BD%E7%BB%8F%E6%B5%8E%E6%99%AE%E6%9F%A5%E4%B8%BB%E8%A6%81%E6%95%B0%E6%8D%AE%E5%85%AC%E6%8A%A5%EF%BC%88%E6%9C%80%E7%BB%88%E5%8F%91%E5%B8%83%E7%A8%BF%EF%BC%891%E5%8F%B7.pdf,https://www.stats.gov.cn/hd/lyzx/zxgk/202401/t20240104_1946235.html,12235958,OpenStreetMap,True,exact official-name match,nominal midpoint retained
黄浦区,310101022000,淮海中路街道,淮海中路街道,street,310101022000,81561,81561,81561,81561,1,persons,exact person rows,ordinary,Table 1-5,2023 secondary- and tertiary-sector legal-entity workplace employment,2023-12-31,False,enterprise legal-unit data returned by financial regulators,https://www.shhuangpu.gov.cn/uploadfile/fcba008c-ee33-44f4-bfe0-8cbb16faaf83/%E4%B8%8A%E6%B5%B7%E5%B8%82%E9%BB%84%E6%B5%A6%E5%8C%BA%E7%AC%AC%E4%BA%94%E6%AC%A1%E5%85%A8%E5%9B%BD%E7%BB%8F%E6%B5%8E%E6%99%AE%E6%9F%A5%E4%B8%BB%E8%A6%81%E6%95%B0%E6%8D%AE%E5%85%AC%E6%8A%A5%EF%BC%88%E6%9C%80%E7%BB%88%E5%8F%91%E5%B8%83%E7%A8%BF%EF%BC%891%E5%8F%B7.pdf,https://www.stats.gov.cn/hd/lyzx/zxgk/202401/t20240104_1946235.html,12236003,OpenStreetMap,True,exact official-name match,nominal midpoint retained
黄浦区,310101023000,瑞金二路街道,瑞金二路街道,street,310101023000,52840,52840,52840,52840,1,persons,exact person rows,ordinary,Table 1-5,2023 secondary- and tertiary-sector legal-entity workplace employment,2023-12-31,False,enterprise legal-unit data returned by financial regulators,https://www.shhuangpu.gov.cn/uploadfile/fcba008c-ee33-44f4-bfe0-8cbb16faaf83/%E4%B8%8A%E6%B5%B7%E5%B8%82%E9%BB%84%E6%B5%A6%E5%8C%BA%E7%AC%AC%E4%BA%94%E6%AC%A1%E5%85%A8%E5%9B%BD%E7%BB%8F%E6%B5%8E%E6%99%AE%E6%9F%A5%E4%B8%BB%E8%A6%81%E6%95%B0%E6%8D%AE%E5%85%AC%E6%8A%A5%EF%BC%88%E6%9C%80%E7%BB%88%E5%8F%91%E5%B8%83%E7%A8%BF%EF%BC%891%E5%8F%B7.pdf,https://www.stats.gov.cn/hd/lyzx/zxgk/202401/t20240104_1946235.html,12236004,OpenStreetMap,True,exact official-name match,nominal midpoint retained
徐汇区,310104003000,天平路街道,天平路街道,street,310104003000,57800,57800,57750,57850,100,"10,000 persons, two decimals","100-person display increment; each row interval is [nominal-50, nominal+50)",ordinary,"Table 1-5, printed/PDF page 5",2023 secondary- and tertiary-sector legal-entity workplace employment,2023-12-31,False,construction and finance; construction processing-location adjustment applies,https://www.xuhui.gov.cn/xxgk/portal/article/detail?id=8a4c0c06982a9c100198f528792809df,https://www.stats.gov.cn/hd/lyzx/zxgk/202401/t20240104_1946235.html,13469980,OpenStreetMap,True,exact official-name match,nominal midpoint retained
徐汇区,310104004000,湖南路街道,湖南路街道,street,310104004000,48700,48700,48650,48750,100,"10,000 persons, two decimals","100-person display increment; each row interval is [nominal-50, nominal+50)",ordinary,"Table 1-5, printed/PDF page 5",2023 secondary- and tertiary-sector legal-entity workplace employment,2023-12-31,False,construction and finance; construction processing-location adjustment applies,https://www.xuhui.gov.cn/xxgk/portal/article/detail?id=8a4c0c06982a9c100198f528792809df,https://www.stats.gov.cn/hd/lyzx/zxgk/202401/t20240104_1946235.html,13469979,OpenStreetMap,True,exact official-name match,nominal midpoint retained
徐汇区,310104007000,斜土路街道,斜土路街道,street,310104007000,29800,29800,29750,29850,100,"10,000 persons, two decimals","100-person display increment; each row interval is [nominal-50, nominal+50)",ordinary,"Table 1-5, printed/PDF page 5",2023 secondary- and tertiary-sector legal-entity workplace employment,2023-12-31,False,construction and finance; construction processing-location adjustment applies,https://www.xuhui.gov.cn/xxgk/portal/article/detail?id=8a4c0c06982a9c100198f528792809df,https://www.stats.gov.cn/hd/lyzx/zxgk/202401/t20240104_1946235.html,13470053,OpenStreetMap,True,exact official-name match,nominal midpoint retained
徐汇区,310104008000,枫林路街道,枫林路街道,street,310104008000,56800,56800,56750,56850,100,"10,000 persons, two decimals","100-person display increment; each row interval is [nominal-50, nominal+50)",ordinary,"Table 1-5, printed/PDF page 5",2023 secondary- and tertiary-sector legal-entity workplace employment,2023-12-31,False,construction and finance; construction processing-location adjustment applies,https://www.xuhui.gov.cn/xxgk/portal/article/detail?id=8a4c0c06982a9c100198f528792809df,https://www.stats.gov.cn/hd/lyzx/zxgk/202401/t20240104_1946235.html,13470052,OpenStreetMap,True,exact official-name match,nominal midpoint retained
徐汇区,310104010000,长桥街道,长桥街道,street,310104010000,20700,20700,20650,20750,100,"10,000 persons, two decimals","100-person display increment; each row interval is [nominal-50, nominal+50)",ordinary,"Table 1-5, printed/PDF page 5",2023 secondary- and tertiary-sector legal-entity workplace employment,2023-12-31,False,construction and finance; construction processing-location adjustment applies,https://www.xuhui.gov.cn/xxgk/portal/article/detail?id=8a4c0c06982a9c100198f528792809df,https://www.stats.gov.cn/hd/lyzx/zxgk/202401/t20240104_1946235.html,13470589,OpenStreetMap,True,exact official-name match,nominal midpoint retained
徐汇区,310104011000,田林街道,田林街道,street,310104011000,75600,75600,75550,75650,100,"10,000 persons, two decimals","100-person display increment; each row interval is [nominal-50, nominal+50)",ordinary,"Table 1-5, printed/PDF page 5",2023 secondary- and tertiary-sector legal-entity workplace employment,2023-12-31,False,construction and finance; construction processing-location adjustment applies,https://www.xuhui.gov.cn/xxgk/portal/article/detail?id=8a4c0c06982a9c100198f528792809df,https://www.stats.gov.cn/hd/lyzx/zxgk/202401/t20240104_1946235.html,13470318,OpenStreetMap,True,exact official-name match,nominal midpoint retained
徐汇区,310104012000,虹梅路街道,虹梅路街道,street,310104012000,262100,262100,262050,262150,100,"10,000 persons, two decimals","100-person display increment; each row interval is [nominal-50, nominal+50)",ordinary,"Table 1-5, printed/PDF page 5",2023 secondary- and tertiary-sector legal-entity workplace employment,2023-12-31,False,construction and finance; construction processing-location adjustment applies,https://www.xuhui.gov.cn/xxgk/portal/article/detail?id=8a4c0c06982a9c100198f528792809df,https://www.stats.gov.cn/hd/lyzx/zxgk/202401/t20240104_1946235.html,13470463,OpenStreetMap,True,exact official-name match,nominal midpoint retained
徐汇区,310104013000,康健新村街道,康健新村街道,street,310104013000,15900,15900,15850,15950,100,"10,000 persons, two decimals","100-person display increment; each row interval is [nominal-50, nominal+50)",ordinary,"Table 1-5, printed/PDF page 6",2023 secondary- and tertiary-sector legal-entity workplace employment,2023-12-31,False,construction and finance; construction processing-location adjustment applies,https://www.xuhui.gov.cn/xxgk/portal/article/detail?id=8a4c0c06982a9c100198f528792809df,https://www.stats.gov.cn/hd/lyzx/zxgk/202401/t20240104_1946235.html,13470479,OpenStreetMap,True,exact official-name match,nominal midpoint retained
徐汇区,310104014000,徐家汇街道,徐家汇街道,street,310104014000,216300,216300,216250,216350,100,"10,000 persons, two decimals","100-person display increment; each row interval is [nominal-50, nominal+50)",ordinary,"Table 1-5, printed/PDF page 6",2023 secondary- and tertiary-sector legal-entity workplace employment,2023-12-31,False,construction and finance; construction processing-location adjustment applies,https://www.xuhui.gov.cn/xxgk/portal/article/detail?id=8a4c0c06982a9c100198f528792809df,https://www.stats.gov.cn/hd/lyzx/zxgk/202401/t20240104_1946235.html,13469990,OpenStreetMap,True,exact official-name match,nominal midpoint retained
徐汇区,310104015000,凌云路街道,凌云路街道,street,310104015000,12200,12200,12150,12250,100,"10,000 persons, two decimals","100-person display increment; each row interval is [nominal-50, nominal+50)",ordinary,"Table 1-5, printed/PDF page 6",2023 secondary- and tertiary-sector legal-entity workplace employment,2023-12-31,False,construction and finance; construction processing-location adjustment applies,https://www.xuhui.gov.cn/xxgk/portal/article/detail?id=8a4c0c06982a9c100198f528792809df,https://www.stats.gov.cn/hd/lyzx/zxgk/202401/t20240104_1946235.html,13470540,OpenStreetMap,True,exact official-name match,nominal midpoint retained
徐汇区,310104016000,龙华街道,龙华街道,street,310104016000,59600,59600,59550,59650,100,"10,000 persons, two decimals","100-person display increment; each row interval is [nominal-50, nominal+50)",ordinary,"Table 1-5, printed/PDF page 6",2023 secondary- and tertiary-sector legal-entity workplace employment,2023-12-31,False,construction and finance; construction processing-location adjustment applies,https://www.xuhui.gov.cn/xxgk/portal/article/detail?id=8a4c0c06982a9c100198f528792809df,https://www.stats.gov.cn/hd/lyzx/zxgk/202401/t20240104_1946235.html,13470146,OpenStreetMap,True,exact official-name match,nominal midpoint retained
徐汇区,310104017000,漕河泾街道,漕河泾街道,street,310104017000,88600,88600,88550,88650,100,"10,000 persons, two decimals","100-person display increment; each row interval is [nominal-50, nominal+50)",ordinary,"Table 1-5, printed/PDF page 6",2023 secondary- and tertiary-sector legal-entity workplace employment,2023-12-31,False,construction and finance; construction processing-location adjustment applies,https://www.xuhui.gov.cn/xxgk/portal/article/detail?id=8a4c0c06982a9c100198f528792809df,https://www.stats.gov.cn/hd/lyzx/zxgk/202401/t20240104_1946235.html,13470278,OpenStreetMap,True,exact official-name match,nominal midpoint retained
徐汇区,310104103000,华泾镇,华泾镇,town,310104103000,10300,10300,10250,10350,100,"10,000 persons, two decimals","100-person display increment; each row interval is [nominal-50, nominal+50)",ordinary,"Table 1-5, printed/PDF page 6",2023 secondary- and tertiary-sector legal-entity workplace employment,2023-12-31,False,construction and finance; construction processing-location adjustment applies,https://www.xuhui.gov.cn/xxgk/portal/article/detail?id=8a4c0c06982a9c100198f528792809df,https://www.stats.gov.cn/hd/lyzx/zxgk/202401/t20240104_1946235.html,13470658,OpenStreetMap,True,exact official-name match,nominal midpoint retained
长宁区,310105001000,华阳路街道,华阳路街道,street,310105001000,48926,48926,48926,48926,1,persons,exact person rows,ordinary,Table 1-5,2023 secondary- and tertiary-sector legal-entity workplace employment,2023-12-31,False,directly managed financial units,https://zwgk.shcn.gov.cn/xxgk/zdgzlsqk-zw/2025/211/78163.html,https://www.stats.gov.cn/hd/lyzx/zxgk/202401/t20240104_1946235.html,13469230,OpenStreetMap,True,exact official-name match,nominal midpoint retained
长宁区,310105002000,江苏路街道,江苏路街道,street,310105002000,37808,37808,37808,37808,1,persons,exact person rows,ordinary,Table 1-5,2023 secondary- and tertiary-sector legal-entity workplace employment,2023-12-31,False,directly managed financial units,https://zwgk.shcn.gov.cn/xxgk/zdgzlsqk-zw/2025/211/78163.html,https://www.stats.gov.cn/hd/lyzx/zxgk/202401/t20240104_1946235.html,13469138,OpenStreetMap,True,exact official-name match,nominal midpoint retained
长宁区,310105004000,新华路街道,新华路街道,street,310105004000,52426,52426,52426,52426,1,persons,exact person rows,ordinary,Table 1-5,2023 secondary- and tertiary-sector legal-entity workplace employment,2023-12-31,False,directly managed financial units,https://zwgk.shcn.gov.cn/xxgk/zdgzlsqk-zw/2025/211/78163.html,https://www.stats.gov.cn/hd/lyzx/zxgk/202401/t20240104_1946235.html,13469094,OpenStreetMap,True,exact official-name match,nominal midpoint retained
长宁区,310105005000,周家桥街道,周家桥街道,street,310105005000,25426,25426,25426,25426,1,persons,exact person rows,ordinary,Table 1-5,2023 secondary- and tertiary-sector legal-entity workplace employment,2023-12-31,False,directly managed financial units,https://zwgk.shcn.gov.cn/xxgk/zdgzlsqk-zw/2025/211/78163.html,https://www.stats.gov.cn/hd/lyzx/zxgk/202401/t20240104_1946235.html,13469231,OpenStreetMap,True,exact official-name match,nominal midpoint retained
长宁区,310105006000,天山路街道,天山路街道,street,310105006000,70756,70756,70756,70756,1,persons,exact person rows,ordinary,Table 1-5,2023 secondary- and tertiary-sector legal-entity workplace employment,2023-12-31,False,directly managed financial units,https://zwgk.shcn.gov.cn/xxgk/zdgzlsqk-zw/2025/211/78163.html,https://www.stats.gov.cn/hd/lyzx/zxgk/202401/t20240104_1946235.html,13469232,OpenStreetMap,True,exact official-name match,nominal midpoint retained
长宁区,310105008000,仙霞新村街道,仙霞新村街道,street,310105008000,20827,20827,20827,20827,1,persons,exact person rows,ordinary,Table 1-5,2023 secondary- and tertiary-sector legal-entity workplace employment,2023-12-31,False,directly managed financial units,https://zwgk.shcn.gov.cn/xxgk/zdgzlsqk-zw/2025/211/78163.html,https://www.stats.gov.cn/hd/lyzx/zxgk/202401/t20240104_1946235.html,13469351,OpenStreetMap,True,exact official-name match,nominal midpoint retained
长宁区,310105009000,虹桥街道,虹桥街道,street,310105009000,84297,84297,84297,84297,1,persons,exact person rows,ordinary,Table 1-5,2023 secondary- and tertiary-sector legal-entity workplace employment,2023-12-31,False,directly managed financial units,https://zwgk.shcn.gov.cn/xxgk/zdgzlsqk-zw/2025/211/78163.html,https://www.stats.gov.cn/hd/lyzx/zxgk/202401/t20240104_1946235.html,13469352,OpenStreetMap,True,exact official-name match,nominal midpoint retained
长宁区,310105010000,程家桥街道,程家桥街道,street,310105010000,101760,101760,101760,101760,1,persons,exact person rows,ordinary,Table 1-5,2023 secondary- and tertiary-sector legal-entity workplace employment,2023-12-31,False,directly managed financial units,https://zwgk.shcn.gov.cn/xxgk/zdgzlsqk-zw/2025/211/78163.html,https://www.stats.gov.cn/hd/lyzx/zxgk/202401/t20240104_1946235.html,14184034,OpenStreetMap,True,exact official-name match,nominal midpoint retained
长宁区,310105011000,北新泾街道,北新泾街道,street,310105011000,6332,6332,6332,6332,1,persons,exact person rows,ordinary,Table 1-5,2023 secondary- and tertiary-sector legal-entity workplace employment,2023-12-31,False,directly managed financial units,https://zwgk.shcn.gov.cn/xxgk/zdgzlsqk-zw/2025/211/78163.html,https://www.stats.gov.cn/hd/lyzx/zxgk/202401/t20240104_1946235.html,14184083,OpenStreetMap,True,exact official-name match,nominal midpoint retained
长宁区,310105102000,新泾镇,新泾镇,town,310105102000,148418,148418,148418,148418,1,persons,exact person rows,ordinary,Table 1-5,2023 secondary- and tertiary-sector legal-entity workplace employment,2023-12-31,False,directly managed financial units,https://zwgk.shcn.gov.cn/xxgk/zdgzlsqk-zw/2025/211/78163.html,https://www.stats.gov.cn/hd/lyzx/zxgk/202401/t20240104_1946235.html,14184082,OpenStreetMap,True,exact official-name match,nominal midpoint retained
静安区,310106006000,江宁路街道,江宁路街道,street,310106006000,35000,35000,34500,35500,1000,"10,000 persons, one decimal","1,000-person display increment; each row interval is [nominal-500, nominal+500)",ordinary,geographic employment table,2023 secondary- and tertiary-sector legal-entity workplace employment,2023-12-31,False,finance,https://www.jingan.gov.cn/main/7a2356e7-0acd-4df3-938e-dcd05244ea81/a9e09839-63a5-45f3-8eb3-9d56a10e42af/%E4%B8%8A%E6%B5%B7%E5%B8%82%E9%9D%99%E5%AE%89%E5%8C%BA%E7%AC%AC%E4%BA%94%E6%AC%A1%E7%BB%8F%E6%B5%8E%E6%99%AE%E6%9F%A5%E4%B8%BB%E8%A6%81%E6%95%B0%E6%8D%AE%E5%85%AC%E6%8A%A5%EF%BC%88%E7%AC%AC%E4%B8%80%E5%8F%B7%EF%BC%89.pdf,https://www.stats.gov.cn/hd/lyzx/zxgk/202401/t20240104_1946235.html,14186018,OpenStreetMap,True,exact official-name match,nominal midpoint retained
静安区,310106011000,石门二路街道,石门二路街道,street,310106011000,47000,47000,46500,47500,1000,"10,000 persons, one decimal","1,000-person display increment; each row interval is [nominal-500, nominal+500)",ordinary,geographic employment table,2023 secondary- and tertiary-sector legal-entity workplace employment,2023-12-31,False,finance,https://www.jingan.gov.cn/main/7a2356e7-0acd-4df3-938e-dcd05244ea81/a9e09839-63a5-45f3-8eb3-9d56a10e42af/%E4%B8%8A%E6%B5%B7%E5%B8%82%E9%9D%99%E5%AE%89%E5%8C%BA%E7%AC%AC%E4%BA%94%E6%AC%A1%E7%BB%8F%E6%B5%8E%E6%99%AE%E6%9F%A5%E4%B8%BB%E8%A6%81%E6%95%B0%E6%8D%AE%E5%85%AC%E6%8A%A5%EF%BC%88%E7%AC%AC%E4%B8%80%E5%8F%B7%EF%BC%89.pdf,https://www.stats.gov.cn/hd/lyzx/zxgk/202401/t20240104_1946235.html,14186017,OpenStreetMap,True,exact official-name match,nominal midpoint retained
静安区,310106012000,南京西路街道,南京西路街道,street,310106012000,152000,152000,151500,152500,1000,"10,000 persons, one decimal","1,000-person display increment; each row interval is [nominal-500, nominal+500)",ordinary,geographic employment table,2023 secondary- and tertiary-sector legal-entity workplace employment,2023-12-31,False,finance,https://www.jingan.gov.cn/main/7a2356e7-0acd-4df3-938e-dcd05244ea81/a9e09839-63a5-45f3-8eb3-9d56a10e42af/%E4%B8%8A%E6%B5%B7%E5%B8%82%E9%9D%99%E5%AE%89%E5%8C%BA%E7%AC%AC%E4%BA%94%E6%AC%A1%E7%BB%8F%E6%B5%8E%E6%99%AE%E6%9F%A5%E4%B8%BB%E8%A6%81%E6%95%B0%E6%8D%AE%E5%85%AC%E6%8A%A5%EF%BC%88%E7%AC%AC%E4%B8%80%E5%8F%B7%EF%BC%89.pdf,https://www.stats.gov.cn/hd/lyzx/zxgk/202401/t20240104_1946235.html,14186016,OpenStreetMap,True,exact official-name match,nominal midpoint retained
静安区,310106013000,静安寺街道,静安寺街道,street,310106013000,80000,80000,79500,80500,1000,"10,000 persons, one decimal","1,000-person display increment; each row interval is [nominal-500, nominal+500)",ordinary,geographic employment table,2023 secondary- and tertiary-sector legal-entity workplace employment,2023-12-31,False,finance,https://www.jingan.gov.cn/main/7a2356e7-0acd-4df3-938e-dcd05244ea81/a9e09839-63a5-45f3-8eb3-9d56a10e42af/%E4%B8%8A%E6%B5%B7%E5%B8%82%E9%9D%99%E5%AE%89%E5%8C%BA%E7%AC%AC%E4%BA%94%E6%AC%A1%E7%BB%8F%E6%B5%8E%E6%99%AE%E6%9F%A5%E4%B8%BB%E8%A6%81%E6%95%B0%E6%8D%AE%E5%85%AC%E6%8A%A5%EF%BC%88%E7%AC%AC%E4%B8%80%E5%8F%B7%EF%BC%89.pdf,https://www.stats.gov.cn/hd/lyzx/zxgk/202401/t20240104_1946235.html,14186014,OpenStreetMap,True,exact official-name match,nominal midpoint retained
静安区,310106014000,曹家渡街道,曹家渡街道,street,310106014000,48000,48000,47500,48500,1000,"10,000 persons, one decimal","1,000-person display increment; each row interval is [nominal-500, nominal+500)",ordinary,geographic employment table,2023 secondary- and tertiary-sector legal-entity workplace employment,2023-12-31,False,finance,https://www.jingan.gov.cn/main/7a2356e7-0acd-4df3-938e-dcd05244ea81/a9e09839-63a5-45f3-8eb3-9d56a10e42af/%E4%B8%8A%E6%B5%B7%E5%B8%82%E9%9D%99%E5%AE%89%E5%8C%BA%E7%AC%AC%E4%BA%94%E6%AC%A1%E7%BB%8F%E6%B5%8E%E6%99%AE%E6%9F%A5%E4%B8%BB%E8%A6%81%E6%95%B0%E6%8D%AE%E5%85%AC%E6%8A%A5%EF%BC%88%E7%AC%AC%E4%B8%80%E5%8F%B7%EF%BC%89.pdf,https://www.stats.gov.cn/hd/lyzx/zxgk/202401/t20240104_1946235.html,14186015,OpenStreetMap,True,exact official-name match,nominal midpoint retained
静安区,310106015000,天目西路街道,天目西路街道,street,310106015000,161000,161000,160500,161500,1000,"10,000 persons, one decimal","1,000-person display increment; each row interval is [nominal-500, nominal+500)",ordinary,geographic employment table,2023 secondary- and tertiary-sector legal-entity workplace employment,2023-12-31,False,finance,https://www.jingan.gov.cn/main/7a2356e7-0acd-4df3-938e-dcd05244ea81/a9e09839-63a5-45f3-8eb3-9d56a10e42af/%E4%B8%8A%E6%B5%B7%E5%B8%82%E9%9D%99%E5%AE%89%E5%8C%BA%E7%AC%AC%E4%BA%94%E6%AC%A1%E7%BB%8F%E6%B5%8E%E6%99%AE%E6%9F%A5%E4%B8%BB%E8%A6%81%E6%95%B0%E6%8D%AE%E5%85%AC%E6%8A%A5%EF%BC%88%E7%AC%AC%E4%B8%80%E5%8F%B7%EF%BC%89.pdf,https://www.stats.gov.cn/hd/lyzx/zxgk/202401/t20240104_1946235.html,14186013,OpenStreetMap,True,exact official-name match,nominal midpoint retained
静安区,310106016000,北站街道,北站街道,street,310106016000,65000,65000,64500,65500,1000,"10,000 persons, one decimal","1,000-person display increment; each row interval is [nominal-500, nominal+500)",ordinary,geographic employment table,2023 secondary- and tertiary-sector legal-entity workplace employment,2023-12-31,False,finance,https://www.jingan.gov.cn/main/7a2356e7-0acd-4df3-938e-dcd05244ea81/a9e09839-63a5-45f3-8eb3-9d56a10e42af/%E4%B8%8A%E6%B5%B7%E5%B8%82%E9%9D%99%E5%AE%89%E5%8C%BA%E7%AC%AC%E4%BA%94%E6%AC%A1%E7%BB%8F%E6%B5%8E%E6%99%AE%E6%9F%A5%E4%B8%BB%E8%A6%81%E6%95%B0%E6%8D%AE%E5%85%AC%E6%8A%A5%EF%BC%88%E7%AC%AC%E4%B8%80%E5%8F%B7%EF%BC%89.pdf,https://www.stats.gov.cn/hd/lyzx/zxgk/202401/t20240104_1946235.html,14186012,OpenStreetMap,True,exact official-name match,nominal midpoint retained
静安区,310106017000,宝山路街道,宝山路街道,street,310106017000,21000,21000,20500,21500,1000,"10,000 persons, one decimal","1,000-person display increment; each row interval is [nominal-500, nominal+500)",ordinary,geographic employment table,2023 secondary- and tertiary-sector legal-entity workplace employment,2023-12-31,False,finance,https://www.jingan.gov.cn/main/7a2356e7-0acd-4df3-938e-dcd05244ea81/a9e09839-63a5-45f3-8eb3-9d56a10e42af/%E4%B8%8A%E6%B5%B7%E5%B8%82%E9%9D%99%E5%AE%89%E5%8C%BA%E7%AC%AC%E4%BA%94%E6%AC%A1%E7%BB%8F%E6%B5%8E%E6%99%AE%E6%9F%A5%E4%B8%BB%E8%A6%81%E6%95%B0%E6%8D%AE%E5%85%AC%E6%8A%A5%EF%BC%88%E7%AC%AC%E4%B8%80%E5%8F%B7%EF%BC%89.pdf,https://www.stats.gov.cn/hd/lyzx/zxgk/202401/t20240104_1946235.html,14186011,OpenStreetMap,True,exact official-name match,nominal midpoint retained
静安区,310106018000,共和新路街道,共和新路街道,street,310106018000,31000,31000,30500,31500,1000,"10,000 persons, one decimal","1,000-person display increment; each row interval is [nominal-500, nominal+500)",ordinary,geographic employment table,2023 secondary- and tertiary-sector legal-entity workplace employment,2023-12-31,False,finance,https://www.jingan.gov.cn/main/7a2356e7-0acd-4df3-938e-dcd05244ea81/a9e09839-63a5-45f3-8eb3-9d56a10e42af/%E4%B8%8A%E6%B5%B7%E5%B8%82%E9%9D%99%E5%AE%89%E5%8C%BA%E7%AC%AC%E4%BA%94%E6%AC%A1%E7%BB%8F%E6%B5%8E%E6%99%AE%E6%9F%A5%E4%B8%BB%E8%A6%81%E6%95%B0%E6%8D%AE%E5%85%AC%E6%8A%A5%EF%BC%88%E7%AC%AC%E4%B8%80%E5%8F%B7%EF%BC%89.pdf,https://www.stats.gov.cn/hd/lyzx/zxgk/202401/t20240104_1946235.html,14186010,OpenStreetMap,True,exact official-name match,nominal midpoint retained
静安区,310106019000,大宁路街道,大宁路街道,street,310106019000,115000,115000,114500,115500,1000,"10,000 persons, one decimal","1,000-person display increment; each row interval is [nominal-500, nominal+500)",ordinary,geographic employment table,2023 secondary- and tertiary-sector legal-entity workplace employment,2023-12-31,False,finance,https://www.jingan.gov.cn/main/7a2356e7-0acd-4df3-938e-dcd05244ea81/a9e09839-63a5-45f3-8eb3-9d56a10e42af/%E4%B8%8A%E6%B5%B7%E5%B8%82%E9%9D%99%E5%AE%89%E5%8C%BA%E7%AC%AC%E4%BA%94%E6%AC%A1%E7%BB%8F%E6%B5%8E%E6%99%AE%E6%9F%A5%E4%B8%BB%E8%A6%81%E6%95%B0%E6%8D%AE%E5%85%AC%E6%8A%A5%EF%BC%88%E7%AC%AC%E4%B8%80%E5%8F%B7%EF%BC%89.pdf,https://www.stats.gov.cn/hd/lyzx/zxgk/202401/t20240104_1946235.html,14186009,OpenStreetMap,True,exact official-name match,nominal midpoint retained
静安区,310106020000,彭浦新村街道,彭浦新村街道,street,310106020000,17000,17000,16500,17500,1000,"10,000 persons, one decimal","1,000-person display increment; each row interval is [nominal-500, nominal+500)",ordinary,geographic employment table,2023 secondary- and tertiary-sector legal-entity workplace employment,2023-12-31,False,finance,https://www.jingan.gov.cn/main/7a2356e7-0acd-4df3-938e-dcd05244ea81/a9e09839-63a5-45f3-8eb3-9d56a10e42af/%E4%B8%8A%E6%B5%B7%E5%B8%82%E9%9D%99%E5%AE%89%E5%8C%BA%E7%AC%AC%E4%BA%94%E6%AC%A1%E7%BB%8F%E6%B5%8E%E6%99%AE%E6%9F%A5%E4%B8%BB%E8%A6%81%E6%95%B0%E6%8D%AE%E5%85%AC%E6%8A%A5%EF%BC%88%E7%AC%AC%E4%B8%80%E5%8F%B7%EF%BC%89.pdf,https://www.stats.gov.cn/hd/lyzx/zxgk/202401/t20240104_1946235.html,14186008,OpenStreetMap,True,exact official-name match,nominal midpoint retained
静安区,310106021000,临汾路街道,临汾路街道,street,310106021000,5000,5000,4500,5500,1000,"10,000 persons, one decimal","1,000-person display increment; each row interval is [nominal-500, nominal+500)",ordinary,geographic employment table,2023 secondary- and tertiary-sector legal-entity workplace employment,2023-12-31,False,finance,https://www.jingan.gov.cn/main/7a2356e7-0acd-4df3-938e-dcd05244ea81/a9e09839-63a5-45f3-8eb3-9d56a10e42af/%E4%B8%8A%E6%B5%B7%E5%B8%82%E9%9D%99%E5%AE%89%E5%8C%BA%E7%AC%AC%E4%BA%94%E6%AC%A1%E7%BB%8F%E6%B5%8E%E6%99%AE%E6%9F%A5%E4%B8%BB%E8%A6%81%E6%95%B0%E6%8D%AE%E5%85%AC%E6%8A%A5%EF%BC%88%E7%AC%AC%E4%B8%80%E5%8F%B7%EF%BC%89.pdf,https://www.stats.gov.cn/hd/lyzx/zxgk/202401/t20240104_1946235.html,14186007,OpenStreetMap,True,exact official-name match,nominal midpoint retained
静安区,310106022000,芷江西路街道,芷江西路街道,street,310106022000,28000,28000,27500,28500,1000,"10,000 persons, one decimal","1,000-person display increment; each row interval is [nominal-500, nominal+500)",ordinary,geographic employment table,2023 secondary- and tertiary-sector legal-entity workplace employment,2023-12-31,False,finance,https://www.jingan.gov.cn/main/7a2356e7-0acd-4df3-938e-dcd05244ea81/a9e09839-63a5-45f3-8eb3-9d56a10e42af/%E4%B8%8A%E6%B5%B7%E5%B8%82%E9%9D%99%E5%AE%89%E5%8C%BA%E7%AC%AC%E4%BA%94%E6%AC%A1%E7%BB%8F%E6%B5%8E%E6%99%AE%E6%9F%A5%E4%B8%BB%E8%A6%81%E6%95%B0%E6%8D%AE%E5%85%AC%E6%8A%A5%EF%BC%88%E7%AC%AC%E4%B8%80%E5%8F%B7%EF%BC%89.pdf,https://www.stats.gov.cn/hd/lyzx/zxgk/202401/t20240104_1946235.html,14186006,OpenStreetMap,True,exact official-name match,nominal midpoint retained
静安区,310106100000,彭浦镇,彭浦镇,town,310106100000,112000,112000,111500,112500,1000,"10,000 persons, one decimal","1,000-person display increment; each row interval is [nominal-500, nominal+500)",ordinary,geographic employment table,2023 secondary- and tertiary-sector legal-entity workplace employment,2023-12-31,False,finance,https://www.jingan.gov.cn/main/7a2356e7-0acd-4df3-938e-dcd05244ea81/a9e09839-63a5-45f3-8eb3-9d56a10e42af/%E4%B8%8A%E6%B5%B7%E5%B8%82%E9%9D%99%E5%AE%89%E5%8C%BA%E7%AC%AC%E4%BA%94%E6%AC%A1%E7%BB%8F%E6%B5%8E%E6%99%AE%E6%9F%A5%E4%B8%BB%E8%A6%81%E6%95%B0%E6%8D%AE%E5%85%AC%E6%8A%A5%EF%BC%88%E7%AC%AC%E4%B8%80%E5%8F%B7%EF%BC%89.pdf,https://www.stats.gov.cn/hd/lyzx/zxgk/202401/t20240104_1946235.html,14186005,OpenStreetMap,True,exact official-name match,nominal midpoint retained
普陀区,310107005000,曹杨新村街道,曹杨新村街道,street,310107005000,22000,22000,21500,22500,1000,"10,000 persons, one decimal","1,000-person display increment; each row interval is [nominal-500, nominal+500)",ordinary,geographic employment table,2023 secondary- and tertiary-sector legal-entity workplace employment,2023-12-31,False,finance,https://www.shpt.gov.cn/zhengwu/pcgg-pttj/2025/203/197385.html,https://www.stats.gov.cn/hd/lyzx/zxgk/202401/t20240104_1946235.html,14187873,OpenStreetMap,True,exact official-name match,nominal midpoint retained
普陀区,310107014000,长风新村街道,长风新村街道,street,310107014000,90000,90000,89500,90500,1000,"10,000 persons, one decimal","1,000-person display increment; each row interval is [nominal-500, nominal+500)",ordinary,geographic employment table,2023 secondary- and tertiary-sector legal-entity workplace employment,2023-12-31,False,finance,https://www.shpt.gov.cn/zhengwu/pcgg-pttj/2025/203/197385.html,https://www.stats.gov.cn/hd/lyzx/zxgk/202401/t20240104_1946235.html,14187872,OpenStreetMap,True,exact official-name match,nominal midpoint retained
普陀区,310107015000,长寿路街道,长寿路街道,street,310107015000,96000,96000,95500,96500,1000,"10,000 persons, one decimal","1,000-person display increment; each row interval is [nominal-500, nominal+500)",ordinary,geographic employment table,2023 secondary- and tertiary-sector legal-entity workplace employment,2023-12-31,False,finance,https://www.shpt.gov.cn/zhengwu/pcgg-pttj/2025/203/197385.html,https://www.stats.gov.cn/hd/lyzx/zxgk/202401/t20240104_1946235.html,14187871,OpenStreetMap,True,exact official-name match,nominal midpoint retained
普陀区,310107016000,甘泉路街道,甘泉路街道,street,310107016000,21000,21000,20500,21500,1000,"10,000 persons, one decimal","1,000-person display increment; each row interval is [nominal-500, nominal+500)",ordinary,geographic employment table,2023 secondary- and tertiary-sector legal-entity workplace employment,2023-12-31,False,finance,https://www.shpt.gov.cn/zhengwu/pcgg-pttj/2025/203/197385.html,https://www.stats.gov.cn/hd/lyzx/zxgk/202401/t20240104_1946235.html,14187870,OpenStreetMap,True,exact official-name match,nominal midpoint retained
普陀区,310107017000,石泉路街道,石泉路街道,street,310107017000,20000,20000,19500,20500,1000,"10,000 persons, one decimal","1,000-person display increment; each row interval is [nominal-500, nominal+500)",ordinary,geographic employment table,2023 secondary- and tertiary-sector legal-entity workplace employment,2023-12-31,False,finance,https://www.shpt.gov.cn/zhengwu/pcgg-pttj/2025/203/197385.html,https://www.stats.gov.cn/hd/lyzx/zxgk/202401/t20240104_1946235.html,14187869,OpenStreetMap,True,exact official-name match,nominal midpoint retained
普陀区,310107020000,宜川路街道,宜川路街道,street,310107020000,17000,17000,16500,17500,1000,"10,000 persons, one decimal","1,000-person display increment; each row interval is [nominal-500, nominal+500)",ordinary,geographic employment table,2023 secondary- and tertiary-sector legal-entity workplace employment,2023-12-31,False,finance,https://www.shpt.gov.cn/zhengwu/pcgg-pttj/2025/203/197385.html,https://www.stats.gov.cn/hd/lyzx/zxgk/202401/t20240104_1946235.html,14187868,OpenStreetMap,True,exact official-name match,nominal midpoint retained
普陀区,310107021000,真如镇街道,真如镇,street,310107021000,26000,26000,25500,26500,1000,"10,000 persons, one decimal","1,000-person display increment; each row interval is [nominal-500, nominal+500)",ordinary,geographic employment table,2023 secondary- and tertiary-sector legal-entity workplace employment,2023-12-31,False,finance,https://www.shpt.gov.cn/zhengwu/pcgg-pttj/2025/203/197385.html,https://www.stats.gov.cn/hd/lyzx/zxgk/202401/t20240104_1946235.html,14187866,OpenStreetMap,True,explicit bulletin-label crosswalk: 真如镇 -> official 2023 真如镇街道,nominal midpoint retained
普陀区,310107022000,万里街道,万里街道,street,310107022000,43000,43000,42500,43500,1000,"10,000 persons, one decimal","1,000-person display increment; each row interval is [nominal-500, nominal+500)",ordinary,geographic employment table,2023 secondary- and tertiary-sector legal-entity workplace employment,2023-12-31,False,finance,https://www.shpt.gov.cn/zhengwu/pcgg-pttj/2025/203/197385.html,https://www.stats.gov.cn/hd/lyzx/zxgk/202401/t20240104_1946235.html,14187867,OpenStreetMap,True,exact official-name match,nominal midpoint retained
普陀区,310107102000,长征镇,长征镇,town,310107102000,112000,112000,111500,112500,1000,"10,000 persons, one decimal","1,000-person display increment; each row interval is [nominal-500, nominal+500)",ordinary,geographic employment table,2023 secondary- and tertiary-sector legal-entity workplace employment,2023-12-31,False,finance,https://www.shpt.gov.cn/zhengwu/pcgg-pttj/2025/203/197385.html,https://www.stats.gov.cn/hd/lyzx/zxgk/202401/t20240104_1946235.html,14187865,OpenStreetMap,True,exact official-name match,nominal midpoint retained
普陀区,310107103000,桃浦镇,桃浦镇,town,310107103000,65000,65000,64500,65500,1000,"10,000 persons, one decimal","1,000-person display increment; each row interval is [nominal-500, nominal+500)",ordinary,geographic employment table,2023 secondary- and tertiary-sector legal-entity workplace employment,2023-12-31,False,finance,https://www.shpt.gov.cn/zhengwu/pcgg-pttj/2025/203/197385.html,https://www.stats.gov.cn/hd/lyzx/zxgk/202401/t20240104_1946235.html,14187864,OpenStreetMap,True,exact official-name match,nominal midpoint retained
虹口区,310109009000,欧阳路街道,欧阳路街道,street,310109009000,21300,21300,21300,21300,1,persons,exact person rows,ordinary,geographic employment table,2023 secondary- and tertiary-sector legal-entity workplace employment,2023-12-31,False,some legal-entity workers are not subdivided; construction processing-location adjustment applies,https://www.shhk.gov.cn/shhk-zwgk/rest/frame/base/attach/attachAction/getContent?attachGuid=3a3b3cb4-8b7b-4a87-8472-ea58b4f2a6cc&isCommondto=true,https://www.stats.gov.cn/hd/lyzx/zxgk/202401/t20240104_1946235.html,13465959,OpenStreetMap,True,exact official-name match,nominal midpoint retained
虹口区,310109010000,曲阳路街道,曲阳路街道,street,310109010000,46159,46159,46159,46159,1,persons,exact person rows,ordinary,geographic employment table,2023 secondary- and tertiary-sector legal-entity workplace employment,2023-12-31,False,some legal-entity workers are not subdivided; construction processing-location adjustment applies,https://www.shhk.gov.cn/shhk-zwgk/rest/frame/base/attach/attachAction/getContent?attachGuid=3a3b3cb4-8b7b-4a87-8472-ea58b4f2a6cc&isCommondto=true,https://www.stats.gov.cn/hd/lyzx/zxgk/202401/t20240104_1946235.html,13466001,OpenStreetMap,True,exact official-name match,nominal midpoint retained
虹口区,310109011000,广中路街道,广中路街道,street,310109011000,33773,33773,33773,33773,1,persons,exact person rows,ordinary,geographic employment table,2023 secondary- and tertiary-sector legal-entity workplace employment,2023-12-31,False,some legal-entity workers are not subdivided; construction processing-location adjustment applies,https://www.shhk.gov.cn/shhk-zwgk/rest/frame/base/attach/attachAction/getContent?attachGuid=3a3b3cb4-8b7b-4a87-8472-ea58b4f2a6cc&isCommondto=true,https://www.stats.gov.cn/hd/lyzx/zxgk/202401/t20240104_1946235.html,13466055,OpenStreetMap,True,exact official-name match,nominal midpoint retained
虹口区,310109014000,嘉兴路街道,嘉兴路街道,street,310109014000,40429,40429,40429,40429,1,persons,exact person rows,ordinary,geographic employment table,2023 secondary- and tertiary-sector legal-entity workplace employment,2023-12-31,False,some legal-entity workers are not subdivided; construction processing-location adjustment applies,https://www.shhk.gov.cn/shhk-zwgk/rest/frame/base/attach/attachAction/getContent?attachGuid=3a3b3cb4-8b7b-4a87-8472-ea58b4f2a6cc&isCommondto=true,https://www.stats.gov.cn/hd/lyzx/zxgk/202401/t20240104_1946235.html,13462879,OpenStreetMap,True,exact official-name match,nominal midpoint retained
虹口区,310109016000,凉城新村街道,凉城新材街道,street,310109016000,23538,23538,23538,23538,1,persons,exact person rows,ordinary,geographic employment table,2023 secondary- and tertiary-sector legal-entity workplace employment,2023-12-31,False,some legal-entity workers are not subdivided; construction processing-location adjustment applies,https://www.shhk.gov.cn/shhk-zwgk/rest/frame/base/attach/attachAction/getContent?attachGuid=3a3b3cb4-8b7b-4a87-8472-ea58b4f2a6cc&isCommondto=true,https://www.stats.gov.cn/hd/lyzx/zxgk/202401/t20240104_1946235.html,13466134,OpenStreetMap,True,explicit bulletin typo crosswalk: 凉城新材街道 -> official 2023 凉城新村街道,nominal midpoint retained
虹口区,310109017000,四川北路街道,四川北路街道,street,310109017000,51996,51996,51996,51996,1,persons,exact person rows,ordinary,geographic employment table,2023 secondary- and tertiary-sector legal-entity workplace employment,2023-12-31,False,some legal-entity workers are not subdivided; construction processing-location adjustment applies,https://www.shhk.gov.cn/shhk-zwgk/rest/frame/base/attach/attachAction/getContent?attachGuid=3a3b3cb4-8b7b-4a87-8472-ea58b4f2a6cc&isCommondto=true,https://www.stats.gov.cn/hd/lyzx/zxgk/202401/t20240104_1946235.html,13462869,OpenStreetMap,True,exact official-name match,nominal midpoint retained
虹口区,310109018000,北外滩街道,北外滩街道,street,310109018000,133468,133468,133468,133468,1,persons,exact person rows,ordinary,geographic employment table,2023 secondary- and tertiary-sector legal-entity workplace employment,2023-12-31,False,some legal-entity workers are not subdivided; construction processing-location adjustment applies,https://www.shhk.gov.cn/shhk-zwgk/rest/frame/base/attach/attachAction/getContent?attachGuid=3a3b3cb4-8b7b-4a87-8472-ea58b4f2a6cc&isCommondto=true,https://www.stats.gov.cn/hd/lyzx/zxgk/202401/t20240104_1946235.html,13462842,OpenStreetMap,True,exact official-name match,nominal midpoint retained
虹口区,310109019000,江湾镇街道,江湾镇街道,street,310109019000,29170,29170,29170,29170,1,persons,exact person rows,ordinary,geographic employment table,2023 secondary- and tertiary-sector legal-entity workplace employment,2023-12-31,False,some legal-entity workers are not subdivided; construction processing-location adjustment applies,https://www.shhk.gov.cn/shhk-zwgk/rest/frame/base/attach/attachAction/getContent?attachGuid=3a3b3cb4-8b7b-4a87-8472-ea58b4f2a6cc&isCommondto=true,https://www.stats.gov.cn/hd/lyzx/zxgk/202401/t20240104_1946235.html,13466137,OpenStreetMap,True,exact official-name match,nominal midpoint retained
杨浦区,310110001000,定海路街道,定海路街道,street,310110001000,30849,30849,30849,30849,1,persons,exact person rows,ordinary,geographic employment table,2023 secondary- and tertiary-sector legal-entity workplace employment,2023-12-31,False,finance and national-statistical-channel construction,https://www.shyp.gov.cn/zhengwu/zwgk-yptj/2025/242/3eea1189dfca9d78d3190a204c75a74c.html,https://www.stats.gov.cn/hd/lyzx/zxgk/202401/t20240104_1946235.html,13466400,OpenStreetMap,True,exact official-name match,nominal midpoint retained
杨浦区,310110006000,平凉路街道,平凉路街道,street,310110006000,49638,49638,49638,49638,1,persons,exact person rows,ordinary,geographic employment table,2023 secondary- and tertiary-sector legal-entity workplace employment,2023-12-31,False,finance and national-statistical-channel construction,https://www.shyp.gov.cn/zhengwu/zwgk-yptj/2025/242/3eea1189dfca9d78d3190a204c75a74c.html,https://www.stats.gov.cn/hd/lyzx/zxgk/202401/t20240104_1946235.html,13464332,OpenStreetMap,True,exact official-name match,nominal midpoint retained
杨浦区,310110008000,江浦路街道,江浦路街道,street,310110008000,44382,44382,44382,44382,1,persons,exact person rows,ordinary,geographic employment table,2023 secondary- and tertiary-sector legal-entity workplace employment,2023-12-31,False,finance and national-statistical-channel construction,https://www.shyp.gov.cn/zhengwu/zwgk-yptj/2025/242/3eea1189dfca9d78d3190a204c75a74c.html,https://www.stats.gov.cn/hd/lyzx/zxgk/202401/t20240104_1946235.html,13464392,OpenStreetMap,True,exact official-name match,nominal midpoint retained
杨浦区,310110009000,四平路街道,四平路街道,street,310110009000,45502,45502,45502,45502,1,persons,exact person rows,ordinary,geographic employment table,2023 secondary- and tertiary-sector legal-entity workplace employment,2023-12-31,False,finance and national-statistical-channel construction,https://www.shyp.gov.cn/zhengwu/zwgk-yptj/2025/242/3eea1189dfca9d78d3190a204c75a74c.html,https://www.stats.gov.cn/hd/lyzx/zxgk/202401/t20240104_1946235.html,13466002,OpenStreetMap,True,exact official-name match,nominal midpoint retained
杨浦区,310110012000,控江路街道,控江路街道,street,310110012000,15491,15491,15491,15491,1,persons,exact person rows,ordinary,geographic employment table,2023 secondary- and tertiary-sector legal-entity workplace employment,2023-12-31,False,finance and national-statistical-channel construction,https://www.shyp.gov.cn/zhengwu/zwgk-yptj/2025/242/3eea1189dfca9d78d3190a204c75a74c.html,https://www.stats.gov.cn/hd/lyzx/zxgk/202401/t20240104_1946235.html,13466004,OpenStreetMap,True,exact official-name match,nominal midpoint retained
杨浦区,310110013000,长白新村街道,长白新村街道,street,310110013000,11271,11271,11271,11271,1,persons,exact person rows,ordinary,geographic employment table,2023 secondary- and tertiary-sector legal-entity workplace employment,2023-12-31,False,finance and national-statistical-channel construction,https://www.shyp.gov.cn/zhengwu/zwgk-yptj/2025/242/3eea1189dfca9d78d3190a204c75a74c.html,https://www.stats.gov.cn/hd/lyzx/zxgk/202401/t20240104_1946235.html,13466407,OpenStreetMap,True,exact official-name match,nominal midpoint retained
杨浦区,310110015000,延吉新村街道,延吉新村街道,street,310110015000,13326,13326,13326,13326,1,persons,exact person rows,ordinary,geographic employment table,2023 secondary- and tertiary-sector legal-entity workplace employment,2023-12-31,False,finance and national-statistical-channel construction,https://www.shyp.gov.cn/zhengwu/zwgk-yptj/2025/242/3eea1189dfca9d78d3190a204c75a74c.html,https://www.stats.gov.cn/hd/lyzx/zxgk/202401/t20240104_1946235.html,13466383,OpenStreetMap,True,exact official-name match,nominal midpoint retained
杨浦区,310110016000,殷行街道,殷行街道,street,310110016000,16658,16658,16658,16658,1,persons,exact person rows,ordinary,geographic employment table,2023 secondary- and tertiary-sector legal-entity workplace employment,2023-12-31,False,finance and national-statistical-channel construction,https://www.shyp.gov.cn/zhengwu/zwgk-yptj/2025/242/3eea1189dfca9d78d3190a204c75a74c.html,https://www.stats.gov.cn/hd/lyzx/zxgk/202401/t20240104_1946235.html,13466582,OpenStreetMap,True,exact official-name match,nominal midpoint retained
杨浦区,310110018000,大桥街道,大桥街道,street,310110018000,72321,72321,72321,72321,1,persons,exact person rows,ordinary,geographic employment table,2023 secondary- and tertiary-sector legal-entity workplace employment,2023-12-31,False,finance and national-statistical-channel construction,https://www.shyp.gov.cn/zhengwu/zwgk-yptj/2025/242/3eea1189dfca9d78d3190a204c75a74c.html,https://www.stats.gov.cn/hd/lyzx/zxgk/202401/t20240104_1946235.html,13466384,OpenStreetMap,True,exact official-name match,nominal midpoint retained
杨浦区,310110019000,五角场街道,五角场街道,street,310110019000,105944,105944,105944,105944,1,persons,exact person rows,ordinary,geographic employment table,2023 secondary- and tertiary-sector legal-entity workplace employment,2023-12-31,False,finance and national-statistical-channel construction,https://www.shyp.gov.cn/zhengwu/zwgk-yptj/2025/242/3eea1189dfca9d78d3190a204c75a74c.html,https://www.stats.gov.cn/hd/lyzx/zxgk/202401/t20240104_1946235.html,13466003,OpenStreetMap,True,exact official-name match,nominal midpoint retained
杨浦区,310110020000,新江湾城街道,新江湾城街道,street,310110020000,55638,55638,55638,55638,1,persons,exact person rows,ordinary,geographic employment table,2023 secondary- and tertiary-sector legal-entity workplace employment,2023-12-31,False,finance and national-statistical-channel construction,https://www.shyp.gov.cn/zhengwu/zwgk-yptj/2025/242/3eea1189dfca9d78d3190a204c75a74c.html,https://www.stats.gov.cn/hd/lyzx/zxgk/202401/t20240104_1946235.html,13466494,OpenStreetMap,True,exact official-name match,nominal midpoint retained
杨浦区,310110021000,长海路街道,长海路街道,street,310110021000,40003,40003,40003,40003,1,persons,exact person rows,ordinary,geographic employment table,2023 secondary- and tertiary-sector legal-entity workplace employment,2023-12-31,False,finance and national-statistical-channel construction,https://www.shyp.gov.cn/zhengwu/zwgk-yptj/2025/242/3eea1189dfca9d78d3190a204c75a74c.html,https://www.stats.gov.cn/hd/lyzx/zxgk/202401/t20240104_1946235.html,13466408,OpenStreetMap,True,exact official-name match,nominal midpoint retained
浦东新区,310115004000,潍坊新村街道,潍坊新村街道,street,310115004000,154000,153750,153500,154500,1000,"10,000 persons, one decimal","1,000-person display increment; constrained by three category subtotals",Pudong streets,"geographic employment table; street, town, and development-zone subtotals",2023 secondary- and tertiary-sector legal-entity workplace employment,2023-12-31,False,some legal-entity workers are not subdivided,https://www.pudong.gov.cn/zwgk/tjj_gkml_ywl_tjsj_gb/2025/295/347226.html,https://www.stats.gov.cn/hd/lyzx/zxgk/202401/t20240104_1946235.html,12867311,OpenStreetMap,True,exact official-name match,Pudong street subtotal: least-squares adjustment -250 from each of 12 rounded rows
浦东新区,310115005000,陆家嘴街道,陆家嘴街道,street,310115005000,201000,200750,200500,201500,1000,"10,000 persons, one decimal","1,000-person display increment; constrained by three category subtotals",Pudong streets,"geographic employment table; street, town, and development-zone subtotals",2023 secondary- and tertiary-sector legal-entity workplace employment,2023-12-31,False,some legal-entity workers are not subdivided,https://www.pudong.gov.cn/zwgk/tjj_gkml_ywl_tjsj_gb/2025/295/347226.html,https://www.stats.gov.cn/hd/lyzx/zxgk/202401/t20240104_1946235.html,12867312,OpenStreetMap,True,exact official-name match,Pudong street subtotal: least-squares adjustment -250 from each of 12 rounded rows
浦东新区,310115007000,周家渡街道,周家渡街道,street,310115007000,25000,24750,24500,25500,1000,"10,000 persons, one decimal","1,000-person display increment; constrained by three category subtotals",Pudong streets,"geographic employment table; street, town, and development-zone subtotals",2023 secondary- and tertiary-sector legal-entity workplace employment,2023-12-31,False,some legal-entity workers are not subdivided,https://www.pudong.gov.cn/zwgk/tjj_gkml_ywl_tjsj_gb/2025/295/347226.html,https://www.stats.gov.cn/hd/lyzx/zxgk/202401/t20240104_1946235.html,14178772,OpenStreetMap,True,exact official-name match,Pudong street subtotal: least-squares adjustment -250 from each of 12 rounded rows
浦东新区,310115008000,塘桥街道,塘桥街道,street,310115008000,55000,54750,54500,55500,1000,"10,000 persons, one decimal","1,000-person display increment; constrained by three category subtotals",Pudong streets,"geographic employment table; street, town, and development-zone subtotals",2023 secondary- and tertiary-sector legal-entity workplace employment,2023-12-31,False,some legal-entity workers are not subdivided,https://www.pudong.gov.cn/zwgk/tjj_gkml_ywl_tjsj_gb/2025/295/347226.html,https://www.stats.gov.cn/hd/lyzx/zxgk/202401/t20240104_1946235.html,12867313,OpenStreetMap,True,exact official-name match,Pudong street subtotal: least-squares adjustment -250 from each of 12 rounded rows
浦东新区,310115009000,上钢新村街道,上钢新村街道,street,310115009000,26000,25750,25500,26500,1000,"10,000 persons, one decimal","1,000-person display increment; constrained by three category subtotals",Pudong streets,"geographic employment table; street, town, and development-zone subtotals",2023 secondary- and tertiary-sector legal-entity workplace employment,2023-12-31,False,some legal-entity workers are not subdivided,https://www.pudong.gov.cn/zwgk/tjj_gkml_ywl_tjsj_gb/2025/295/347226.html,https://www.stats.gov.cn/hd/lyzx/zxgk/202401/t20240104_1946235.html,14178805,OpenStreetMap,True,exact official-name match,Pudong street subtotal: least-squares adjustment -250 from each of 12 rounded rows
浦东新区,310115010000,南码头路街道,南码头路街道,street,310115010000,42000,41750,41500,42500,1000,"10,000 persons, one decimal","1,000-person display increment; constrained by three category subtotals",Pudong streets,"geographic employment table; street, town, and development-zone subtotals",2023 secondary- and tertiary-sector legal-entity workplace employment,2023-12-31,False,some legal-entity workers are not subdivided,https://www.pudong.gov.cn/zwgk/tjj_gkml_ywl_tjsj_gb/2025/295/347226.html,https://www.stats.gov.cn/hd/lyzx/zxgk/202401/t20240104_1946235.html,14178760,OpenStreetMap,True,exact official-name match,Pudong street subtotal: least-squares adjustment -250 from each of 12 rounded rows
浦东新区,310115011000,沪东新村街道,沪东新村街道,street,310115011000,14000,13750,13500,14500,1000,"10,000 persons, one decimal","1,000-person display increment; constrained by three category subtotals",Pudong streets,"geographic employment table; street, town, and development-zone subtotals",2023 secondary- and tertiary-sector legal-entity workplace employment,2023-12-31,False,some legal-entity workers are not subdivided,https://www.pudong.gov.cn/zwgk/tjj_gkml_ywl_tjsj_gb/2025/295/347226.html,https://www.stats.gov.cn/hd/lyzx/zxgk/202401/t20240104_1946235.html,14178858,OpenStreetMap,True,exact official-name match,Pudong street subtotal: least-squares adjustment -250 from each of 12 rounded rows
浦东新区,310115012000,金杨新村街道,金杨新村街道,street,310115012000,24000,23750,23500,24500,1000,"10,000 persons, one decimal","1,000-person display increment; constrained by three category subtotals",Pudong streets,"geographic employment table; street, town, and development-zone subtotals",2023 secondary- and tertiary-sector legal-entity workplace employment,2023-12-31,False,some legal-entity workers are not subdivided,https://www.pudong.gov.cn/zwgk/tjj_gkml_ywl_tjsj_gb/2025/295/347226.html,https://www.stats.gov.cn/hd/lyzx/zxgk/202401/t20240104_1946235.html,14178830,OpenStreetMap,True,exact official-name match,Pudong street subtotal: least-squares adjustment -250 from each of 12 rounded rows
浦东新区,310115013000,洋泾街道,洋泾街道,street,310115013000,52000,51750,51500,52500,1000,"10,000 persons, one decimal","1,000-person display increment; constrained by three category subtotals",Pudong streets,"geographic employment table; street, town, and development-zone subtotals",2023 secondary- and tertiary-sector legal-entity workplace employment,2023-12-31,False,some legal-entity workers are not subdivided,https://www.pudong.gov.cn/zwgk/tjj_gkml_ywl_tjsj_gb/2025/295/347226.html,https://www.stats.gov.cn/hd/lyzx/zxgk/202401/t20240104_1946235.html,5325929,OpenStreetMap,True,exact official-name match,Pudong street subtotal: least-squares adjustment -250 from each of 12 rounded rows
浦东新区,310115014000,浦兴路街道,浦兴路街道,street,310115014000,17000,16750,16500,17500,1000,"10,000 persons, one decimal","1,000-person display increment; constrained by three category subtotals",Pudong streets,"geographic employment table; street, town, and development-zone subtotals",2023 secondary- and tertiary-sector legal-entity workplace employment,2023-12-31,False,some legal-entity workers are not subdivided,https://www.pudong.gov.cn/zwgk/tjj_gkml_ywl_tjsj_gb/2025/295/347226.html,https://www.stats.gov.cn/hd/lyzx/zxgk/202401/t20240104_1946235.html,14178857,OpenStreetMap,True,exact official-name match,Pudong street subtotal: least-squares adjustment -250 from each of 12 rounded rows
浦东新区,310115015000,东明路街道,东明路街道,street,310115015000,6000,5750,5500,6500,1000,"10,000 persons, one decimal","1,000-person display increment; constrained by three category subtotals",Pudong streets,"geographic employment table; street, town, and development-zone subtotals",2023 secondary- and tertiary-sector legal-entity workplace employment,2023-12-31,False,some legal-entity workers are not subdivided,https://www.pudong.gov.cn/zwgk/tjj_gkml_ywl_tjsj_gb/2025/295/347226.html,https://www.stats.gov.cn/hd/lyzx/zxgk/202401/t20240104_1946235.html,14178911,OpenStreetMap,True,exact official-name match,Pudong street subtotal: least-squares adjustment -250 from each of 12 rounded rows
浦东新区,310115016000,花木街道,花木街道,street,310115016000,82000,81750,81500,82500,1000,"10,000 persons, one decimal","1,000-person display increment; constrained by three category subtotals",Pudong streets,"geographic employment table; street, town, and development-zone subtotals",2023 secondary- and tertiary-sector legal-entity workplace employment,2023-12-31,False,some legal-entity workers are not subdivided,https://www.pudong.gov.cn/zwgk/tjj_gkml_ywl_tjsj_gb/2025/295/347226.html,https://www.stats.gov.cn/hd/lyzx/zxgk/202401/t20240104_1946235.html,12867438,OpenStreetMap,True,exact official-name match,Pudong street subtotal: least-squares adjustment -250 from each of 12 rounded rows
浦东新区,310115103000,川沙新镇,川沙新镇,town,310115103000,89000,89000,88500,89500,1000,"10,000 persons, one decimal","1,000-person display increment; constrained by three category subtotals",Pudong towns,"geographic employment table; street, town, and development-zone subtotals",2023 secondary- and tertiary-sector legal-entity workplace employment,2023-12-31,False,some legal-entity workers are not subdivided,https://www.pudong.gov.cn/zwgk/tjj_gkml_ywl_tjsj_gb/2025/295/347226.html,https://www.stats.gov.cn/hd/lyzx/zxgk/202401/t20240104_1946235.html,14179063,OpenStreetMap,True,exact official-name match,nominal midpoint retained
浦东新区,310115104000,高桥镇,高桥镇,town,310115104000,38000,38000,37500,38500,1000,"10,000 persons, one decimal","1,000-person display increment; constrained by three category subtotals",Pudong towns,"geographic employment table; street, town, and development-zone subtotals",2023 secondary- and tertiary-sector legal-entity workplace employment,2023-12-31,False,some legal-entity workers are not subdivided,https://www.pudong.gov.cn/zwgk/tjj_gkml_ywl_tjsj_gb/2025/295/347226.html,https://www.stats.gov.cn/hd/lyzx/zxgk/202401/t20240104_1946235.html,14179071,OpenStreetMap,True,exact official-name match,nominal midpoint retained
浦东新区,310115105000,北蔡镇,北蔡镇,town,310115105000,60000,60000,59500,60500,1000,"10,000 persons, one decimal","1,000-person display increment; constrained by three category subtotals",Pudong towns,"geographic employment table; street, town, and development-zone subtotals",2023 secondary- and tertiary-sector legal-entity workplace employment,2023-12-31,False,some legal-entity workers are not subdivided,https://www.pudong.gov.cn/zwgk/tjj_gkml_ywl_tjsj_gb/2025/295/347226.html,https://www.stats.gov.cn/hd/lyzx/zxgk/202401/t20240104_1946235.html,14179101,OpenStreetMap,True,exact official-name match,nominal midpoint retained
浦东新区,310115110000,合庆镇,合庆镇,town,310115110000,38000,38000,37500,38500,1000,"10,000 persons, one decimal","1,000-person display increment; constrained by three category subtotals",Pudong towns,"geographic employment table; street, town, and development-zone subtotals",2023 secondary- and tertiary-sector legal-entity workplace employment,2023-12-31,False,some legal-entity workers are not subdivided,https://www.pudong.gov.cn/zwgk/tjj_gkml_ywl_tjsj_gb/2025/295/347226.html,https://www.stats.gov.cn/hd/lyzx/zxgk/202401/t20240104_1946235.html,14179128,OpenStreetMap,True,exact official-name match,nominal midpoint retained
浦东新区,310115114000,唐镇,唐镇,town,310115114000,43000,43000,42500,43500,1000,"10,000 persons, one decimal","1,000-person display increment; constrained by three category subtotals",Pudong towns,"geographic employment table; street, town, and development-zone subtotals",2023 secondary- and tertiary-sector legal-entity workplace employment,2023-12-31,False,some legal-entity workers are not subdivided,https://www.pudong.gov.cn/zwgk/tjj_gkml_ywl_tjsj_gb/2025/295/347226.html,https://www.stats.gov.cn/hd/lyzx/zxgk/202401/t20240104_1946235.html,14179148,OpenStreetMap,True,exact official-name match,nominal midpoint retained
浦东新区,310115117000,曹路镇,曹路镇,town,310115117000,44000,44000,43500,44500,1000,"10,000 persons, one decimal","1,000-person display increment; constrained by three category subtotals",Pudong towns,"geographic employment table; street, town, and development-zone subtotals",2023 secondary- and tertiary-sector legal-entity workplace employment,2023-12-31,False,some legal-entity workers are not subdivided,https://www.pudong.gov.cn/zwgk/tjj_gkml_ywl_tjsj_gb/2025/295/347226.html,https://www.stats.gov.cn/hd/lyzx/zxgk/202401/t20240104_1946235.html,14179174,OpenStreetMap,True,exact official-name match,nominal midpoint retained
浦东新区,310115120000,金桥镇,金桥镇,town,310115120000,20000,20000,19500,20500,1000,"10,000 persons, one decimal","1,000-person display increment; constrained by three category subtotals",Pudong towns,"geographic employment table; street, town, and development-zone subtotals",2023 secondary- and tertiary-sector legal-entity workplace employment,2023-12-31,False,some legal-entity workers are not subdivided,https://www.pudong.gov.cn/zwgk/tjj_gkml_ywl_tjsj_gb/2025/295/347226.html,https://www.stats.gov.cn/hd/lyzx/zxgk/202401/t20240104_1946235.html,14179186,OpenStreetMap,True,exact official-name match,nominal midpoint retained
浦东新区,310115121000,高行镇,高行镇,town,310115121000,35000,35000,34500,35500,1000,"10,000 persons, one decimal","1,000-person display increment; constrained by three category subtotals",Pudong towns,"geographic employment table; street, town, and development-zone subtotals",2023 secondary- and tertiary-sector legal-entity workplace employment,2023-12-31,False,some legal-entity workers are not subdivided,https://www.pudong.gov.cn/zwgk/tjj_gkml_ywl_tjsj_gb/2025/295/347226.html,https://www.stats.gov.cn/hd/lyzx/zxgk/202401/t20240104_1946235.html,14179185,OpenStreetMap,True,exact official-name match,nominal midpoint retained
浦东新区,310115123000,高东镇,高东镇,town,310115123000,28000,28000,27500,28500,1000,"10,000 persons, one decimal","1,000-person display increment; constrained by three category subtotals",Pudong towns,"geographic employment table; street, town, and development-zone subtotals",2023 secondary- and tertiary-sector legal-entity workplace employment,2023-12-31,False,some legal-entity workers are not subdivided,https://www.pudong.gov.cn/zwgk/tjj_gkml_ywl_tjsj_gb/2025/295/347226.html,https://www.stats.gov.cn/hd/lyzx/zxgk/202401/t20240104_1946235.html,14179184,OpenStreetMap,True,exact official-name match,nominal midpoint retained
浦东新区,310115125000,张江镇,张江镇,town,310115125000,21000,21000,20500,21500,1000,"10,000 persons, one decimal","1,000-person display increment; constrained by three category subtotals",Pudong towns,"geographic employment table; street, town, and development-zone subtotals",2023 secondary- and tertiary-sector legal-entity workplace employment,2023-12-31,False,some legal-entity workers are not subdivided,https://www.pudong.gov.cn/zwgk/tjj_gkml_ywl_tjsj_gb/2025/295/347226.html,https://www.stats.gov.cn/hd/lyzx/zxgk/202401/t20240104_1946235.html,14179188,OpenStreetMap,True,exact official-name match,nominal midpoint retained
浦东新区,310115130000,三林镇,三林镇,town,310115130000,96000,96000,95500,96500,1000,"10,000 persons, one decimal","1,000-person display increment; constrained by three category subtotals",Pudong towns,"geographic employment table; street, town, and development-zone subtotals",2023 secondary- and tertiary-sector legal-entity workplace employment,2023-12-31,False,some legal-entity workers are not subdivided,https://www.pudong.gov.cn/zwgk/tjj_gkml_ywl_tjsj_gb/2025/295/347226.html,https://www.stats.gov.cn/hd/lyzx/zxgk/202401/t20240104_1946235.html,14179226,OpenStreetMap,True,exact official-name match,nominal midpoint retained
浦东新区,310115131000,惠南镇,惠南镇,town,310115131000,68000,68000,67500,68500,1000,"10,000 persons, one decimal","1,000-person display increment; constrained by three category subtotals",Pudong towns,"geographic employment table; street, town, and development-zone subtotals",2023 secondary- and tertiary-sector legal-entity workplace employment,2023-12-31,False,some legal-entity workers are not subdivided,https://www.pudong.gov.cn/zwgk/tjj_gkml_ywl_tjsj_gb/2025/295/347226.html,https://www.stats.gov.cn/hd/lyzx/zxgk/202401/t20240104_1946235.html,14179286,OpenStreetMap,True,exact official-name match,nominal midpoint retained
浦东新区,310115132000,周浦镇,周浦镇,town,310115132000,48000,48000,47500,48500,1000,"10,000 persons, one decimal","1,000-person display increment; constrained by three category subtotals",Pudong towns,"geographic employment table; street, town, and development-zone subtotals",2023 secondary- and tertiary-sector legal-entity workplace employment,2023-12-31,False,some legal-entity workers are not subdivided,https://www.pudong.gov.cn/zwgk/tjj_gkml_ywl_tjsj_gb/2025/295/347226.html,https://www.stats.gov.cn/hd/lyzx/zxgk/202401/t20240104_1946235.html,14179320,OpenStreetMap,True,exact official-name match,nominal midpoint retained
浦东新区,310115133000,新场镇,新场镇,town,310115133000,26000,26000,25500,26500,1000,"10,000 persons, one decimal","1,000-person display increment; constrained by three category subtotals",Pudong towns,"geographic employment table; street, town, and development-zone subtotals",2023 secondary- and tertiary-sector legal-entity workplace employment,2023-12-31,False,some legal-entity workers are not subdivided,https://www.pudong.gov.cn/zwgk/tjj_gkml_ywl_tjsj_gb/2025/295/347226.html,https://www.stats.gov.cn/hd/lyzx/zxgk/202401/t20240104_1946235.html,14179332,OpenStreetMap,True,exact official-name match,nominal midpoint retained
浦东新区,310115134000,大团镇,大团镇,town,310115134000,10000,10000,9500,10500,1000,"10,000 persons, one decimal","1,000-person display increment; constrained by three category subtotals",Pudong towns,"geographic employment table; street, town, and development-zone subtotals",2023 secondary- and tertiary-sector legal-entity workplace employment,2023-12-31,False,some legal-entity workers are not subdivided,https://www.pudong.gov.cn/zwgk/tjj_gkml_ywl_tjsj_gb/2025/295/347226.html,https://www.stats.gov.cn/hd/lyzx/zxgk/202401/t20240104_1946235.html,14179370,OpenStreetMap,True,exact official-name match,nominal midpoint retained
浦东新区,310115136000,康桥镇,康桥镇,town,310115136000,57000,57000,56500,57500,1000,"10,000 persons, one decimal","1,000-person display increment; constrained by three category subtotals",Pudong towns,"geographic employment table; street, town, and development-zone subtotals",2023 secondary- and tertiary-sector legal-entity workplace employment,2023-12-31,False,some legal-entity workers are not subdivided,https://www.pudong.gov.cn/zwgk/tjj_gkml_ywl_tjsj_gb/2025/295/347226.html,https://www.stats.gov.cn/hd/lyzx/zxgk/202401/t20240104_1946235.html,14179369,OpenStreetMap,True,exact official-name match,nominal midpoint retained
浦东新区,310115137000,航头镇,航头镇,town,310115137000,39000,39000,38500,39500,1000,"10,000 persons, one decimal","1,000-person display increment; constrained by three category subtotals",Pudong towns,"geographic employment table; street, town, and development-zone subtotals",2023 secondary- and tertiary-sector legal-entity workplace employment,2023-12-31,False,some legal-entity workers are not subdivided,https://www.pudong.gov.cn/zwgk/tjj_gkml_ywl_tjsj_gb/2025/295/347226.html,https://www.stats.gov.cn/hd/lyzx/zxgk/202401/t20240104_1946235.html,14179368,OpenStreetMap,True,exact official-name match,nominal midpoint retained
浦东新区,310115139000,祝桥镇,祝桥镇,town,310115139000,82000,82000,81500,82500,1000,"10,000 persons, one decimal","1,000-person display increment; constrained by three category subtotals",Pudong towns,"geographic employment table; street, town, and development-zone subtotals",2023 secondary- and tertiary-sector legal-entity workplace employment,2023-12-31,False,some legal-entity workers are not subdivided,https://www.pudong.gov.cn/zwgk/tjj_gkml_ywl_tjsj_gb/2025/295/347226.html,https://www.stats.gov.cn/hd/lyzx/zxgk/202401/t20240104_1946235.html,14179522,OpenStreetMap,True,exact official-name match,nominal midpoint retained
浦东新区,310115140000,泥城镇,泥城镇,town,310115140000,38000,38000,37500,38500,1000,"10,000 persons, one decimal","1,000-person display increment; constrained by three category subtotals",Pudong towns,"geographic employment table; street, town, and development-zone subtotals",2023 secondary- and tertiary-sector legal-entity workplace employment,2023-12-31,False,some legal-entity workers are not subdivided,https://www.pudong.gov.cn/zwgk/tjj_gkml_ywl_tjsj_gb/2025/295/347226.html,https://www.stats.gov.cn/hd/lyzx/zxgk/202401/t20240104_1946235.html,14180408,OpenStreetMap,True,exact official-name match,nominal midpoint retained
浦东新区,310115141000,宣桥镇,宣桥镇,town,310115141000,36000,36000,35500,36500,1000,"10,000 persons, one decimal","1,000-person display increment; constrained by three category subtotals",Pudong towns,"geographic employment table; street, town, and development-zone subtotals",2023 secondary- and tertiary-sector legal-entity workplace employment,2023-12-31,False,some legal-entity workers are not subdivided,https://www.pudong.gov.cn/zwgk/tjj_gkml_ywl_tjsj_gb/2025/295/347226.html,https://www.stats.gov.cn/hd/lyzx/zxgk/202401/t20240104_1946235.html,14180407,OpenStreetMap,True,exact official-name match,nominal midpoint retained
浦东新区,310115142000,书院镇,书院镇,town,310115142000,14000,14000,13500,14500,1000,"10,000 persons, one decimal","1,000-person display increment; constrained by three category subtotals",Pudong towns,"geographic employment table; street, town, and development-zone subtotals",2023 secondary- and tertiary-sector legal-entity workplace employment,2023-12-31,False,some legal-entity workers are not subdivided,https://www.pudong.gov.cn/zwgk/tjj_gkml_ywl_tjsj_gb/2025/295/347226.html,https://www.stats.gov.cn/hd/lyzx/zxgk/202401/t20240104_1946235.html,14180406,OpenStreetMap,True,exact official-name match,nominal midpoint retained
浦东新区,310115143000,万祥镇,万祥镇,town,310115143000,17000,17000,16500,17500,1000,"10,000 persons, one decimal","1,000-person display increment; constrained by three category subtotals",Pudong towns,"geographic employment table; street, town, and development-zone subtotals",2023 secondary- and tertiary-sector legal-entity workplace employment,2023-12-31,False,some legal-entity workers are not subdivided,https://www.pudong.gov.cn/zwgk/tjj_gkml_ywl_tjsj_gb/2025/295/347226.html,https://www.stats.gov.cn/hd/lyzx/zxgk/202401/t20240104_1946235.html,14180410,OpenStreetMap,True,exact official-name match,nominal midpoint retained
浦东新区,310115144000,老港镇,老港镇,town,310115144000,14000,14000,13500,14500,1000,"10,000 persons, one decimal","1,000-person display increment; constrained by three category subtotals",Pudong towns,"geographic employment table; street, town, and development-zone subtotals",2023 secondary- and tertiary-sector legal-entity workplace employment,2023-12-31,False,some legal-entity workers are not subdivided,https://www.pudong.gov.cn/zwgk/tjj_gkml_ywl_tjsj_gb/2025/295/347226.html,https://www.stats.gov.cn/hd/lyzx/zxgk/202401/t20240104_1946235.html,14180412,OpenStreetMap,True,exact official-name match,nominal midpoint retained
浦东新区,310115145000,南汇新城镇,南汇新城镇,town,310115145000,138000,138000,137500,138500,1000,"10,000 persons, one decimal","1,000-person display increment; constrained by three category subtotals",Pudong towns,"geographic employment table; street, town, and development-zone subtotals",2023 secondary- and tertiary-sector legal-entity workplace employment,2023-12-31,False,some legal-entity workers are not subdivided,https://www.pudong.gov.cn/zwgk/tjj_gkml_ywl_tjsj_gb/2025/295/347226.html,https://www.stats.gov.cn/hd/lyzx/zxgk/202401/t20240104_1946235.html,14180411,OpenStreetMap,True,exact official-name match,nominal midpoint retained
浦东新区,310115501000,中国（上海）自由贸易试验区（保税片区）,中国（上海）自由贸易试验区（保税片区）,functional_zone,310115501000,149000,149000,148500,149500,1000,"10,000 persons, one decimal","1,000-person display increment; constrained by three category subtotals",Pudong functional zones,"geographic employment table; street, town, and development-zone subtotals",2023 secondary- and tertiary-sector legal-entity workplace employment,2023-12-31,False,some legal-entity workers are not subdivided,https://www.pudong.gov.cn/zwgk/tjj_gkml_ywl_tjsj_gb/2025/295/347226.html,https://www.stats.gov.cn/hd/lyzx/zxgk/202401/t20240104_1946235.html,,Ruiduobao 2020 statistical polygon (restricted redistribution),True,exact 2020/2023 statistical code and census-row name; accounting support is not an official 2023 polygon,nominal midpoint retained
浦东新区,310115502000,金桥经济技术开发区,金桥经济技术开发区,functional_zone,310115502000,203000,203000,202500,203500,1000,"10,000 persons, one decimal","1,000-person display increment; constrained by three category subtotals",Pudong functional zones,"geographic employment table; street, town, and development-zone subtotals",2023 secondary- and tertiary-sector legal-entity workplace employment,2023-12-31,False,some legal-entity workers are not subdivided,https://www.pudong.gov.cn/zwgk/tjj_gkml_ywl_tjsj_gb/2025/295/347226.html,https://www.stats.gov.cn/hd/lyzx/zxgk/202401/t20240104_1946235.html,,Ruiduobao 2020 statistical polygon (restricted redistribution),True,exact 2020/2023 statistical code and census-row name; accounting support is not an official 2023 polygon,nominal midpoint retained
浦东新区,310115503000,张江高科技园区,张江高科技园区,functional_zone,310115503000,469000,469000,468500,469500,1000,"10,000 persons, one decimal","1,000-person display increment; constrained by three category subtotals",Pudong functional zones,"geographic employment table; street, town, and development-zone subtotals",2023 secondary- and tertiary-sector legal-entity workplace employment,2023-12-31,False,some legal-entity workers are not subdivided,https://www.pudong.gov.cn/zwgk/tjj_gkml_ywl_tjsj_gb/2025/295/347226.html,https://www.stats.gov.cn/hd/lyzx/zxgk/202401/t20240104_1946235.html,,Ruiduobao 2020 statistical polygon (restricted redistribution),True,exact 2020/2023 statistical code and census-row name; accounting support is not an official 2023 polygon,nominal midpoint retained
