district,industry_code,industry_name,classification_level,core_office,core_plus_full_row,broad_office,district_industry_employment,official_city_industry_employment,district_share_of_city_industry_percentage,reference_date,employment_universe,source_table,source_url
黄浦区,I,信息传输、软件和信息技术服务业,section,True,True,True,35032,1058551,3.309429588182336,2023-12-31,people employed by Shanghai legal entities at 2023-12-31; individual-business employment excluded,1-9  按行业(大类)、地区分组的法人单位从业人员数,https://tjj.sh.gov.cn/tjnj/jjpcnj2023/zk/html/A1-09.xls
徐汇区,I,信息传输、软件和信息技术服务业,section,True,True,True,138974,1058551,13.128701404089174,2023-12-31,people employed by Shanghai legal entities at 2023-12-31; individual-business employment excluded,1-9  按行业(大类)、地区分组的法人单位从业人员数,https://tjj.sh.gov.cn/tjnj/jjpcnj2023/zk/html/A1-09.xls
长宁区,I,信息传输、软件和信息技术服务业,section,True,True,True,65953,1058551,6.2304981054290245,2023-12-31,people employed by Shanghai legal entities at 2023-12-31; individual-business employment excluded,1-9  按行业(大类)、地区分组的法人单位从业人员数,https://tjj.sh.gov.cn/tjnj/jjpcnj2023/zk/html/A1-09.xls
静安区,I,信息传输、软件和信息技术服务业,section,True,True,True,85949,1058551,8.119495423460938,2023-12-31,people employed by Shanghai legal entities at 2023-12-31; individual-business employment excluded,1-9  按行业(大类)、地区分组的法人单位从业人员数,https://tjj.sh.gov.cn/tjnj/jjpcnj2023/zk/html/A1-09.xls
普陀区,I,信息传输、软件和信息技术服务业,section,True,True,True,57019,1058551,5.38651420668442,2023-12-31,people employed by Shanghai legal entities at 2023-12-31; individual-business employment excluded,1-9  按行业(大类)、地区分组的法人单位从业人员数,https://tjj.sh.gov.cn/tjnj/jjpcnj2023/zk/html/A1-09.xls
虹口区,I,信息传输、软件和信息技术服务业,section,True,True,True,21097,1058551,1.993007422410446,2023-12-31,people employed by Shanghai legal entities at 2023-12-31; individual-business employment excluded,1-9  按行业(大类)、地区分组的法人单位从业人员数,https://tjj.sh.gov.cn/tjnj/jjpcnj2023/zk/html/A1-09.xls
杨浦区,I,信息传输、软件和信息技术服务业,section,True,True,True,82021,1058551,7.748422135541887,2023-12-31,people employed by Shanghai legal entities at 2023-12-31; individual-business employment excluded,1-9  按行业(大类)、地区分组的法人单位从业人员数,https://tjj.sh.gov.cn/tjnj/jjpcnj2023/zk/html/A1-09.xls
闵行区,I,信息传输、软件和信息技术服务业,section,True,True,True,108629,1058551,10.262046892402916,2023-12-31,people employed by Shanghai legal entities at 2023-12-31; individual-business employment excluded,1-9  按行业(大类)、地区分组的法人单位从业人员数,https://tjj.sh.gov.cn/tjnj/jjpcnj2023/zk/html/A1-09.xls
宝山区,I,信息传输、软件和信息技术服务业,section,True,True,True,33178,1058551,3.134284507784698,2023-12-31,people employed by Shanghai legal entities at 2023-12-31; individual-business employment excluded,1-9  按行业(大类)、地区分组的法人单位从业人员数,https://tjj.sh.gov.cn/tjnj/jjpcnj2023/zk/html/A1-09.xls
嘉定区,I,信息传输、软件和信息技术服务业,section,True,True,True,29735,1058551,2.809028568297607,2023-12-31,people employed by Shanghai legal entities at 2023-12-31; individual-business employment excluded,1-9  按行业(大类)、地区分组的法人单位从业人员数,https://tjj.sh.gov.cn/tjnj/jjpcnj2023/zk/html/A1-09.xls
浦东新区,I,信息传输、软件和信息技术服务业,section,True,True,True,327781,1058551,30.96506450799253,2023-12-31,people employed by Shanghai legal entities at 2023-12-31; individual-business employment excluded,1-9  按行业(大类)、地区分组的法人单位从业人员数,https://tjj.sh.gov.cn/tjnj/jjpcnj2023/zk/html/A1-09.xls
金山区,I,信息传输、软件和信息技术服务业,section,True,True,True,4499,1058551,0.4250149496812152,2023-12-31,people employed by Shanghai legal entities at 2023-12-31; individual-business employment excluded,1-9  按行业(大类)、地区分组的法人单位从业人员数,https://tjj.sh.gov.cn/tjnj/jjpcnj2023/zk/html/A1-09.xls
松江区,I,信息传输、软件和信息技术服务业,section,True,True,True,21985,1058551,2.076895680982777,2023-12-31,people employed by Shanghai legal entities at 2023-12-31; individual-business employment excluded,1-9  按行业(大类)、地区分组的法人单位从业人员数,https://tjj.sh.gov.cn/tjnj/jjpcnj2023/zk/html/A1-09.xls
青浦区,I,信息传输、软件和信息技术服务业,section,True,True,True,39045,1058551,3.688532720671937,2023-12-31,people employed by Shanghai legal entities at 2023-12-31; individual-business employment excluded,1-9  按行业(大类)、地区分组的法人单位从业人员数,https://tjj.sh.gov.cn/tjnj/jjpcnj2023/zk/html/A1-09.xls
奉贤区,I,信息传输、软件和信息技术服务业,section,True,True,True,6707,1058551,0.6336019709962014,2023-12-31,people employed by Shanghai legal entities at 2023-12-31; individual-business employment excluded,1-9  按行业(大类)、地区分组的法人单位从业人员数,https://tjj.sh.gov.cn/tjnj/jjpcnj2023/zk/html/A1-09.xls
崇明区,I,信息传输、软件和信息技术服务业,section,True,True,True,947,1058551,0.08946191539188948,2023-12-31,people employed by Shanghai legal entities at 2023-12-31; individual-business employment excluded,1-9  按行业(大类)、地区分组的法人单位从业人员数,https://tjj.sh.gov.cn/tjnj/jjpcnj2023/zk/html/A1-09.xls
黄浦区,J,金融业,section,True,True,True,83264,546845,15.226252411560862,2023-12-31,people employed by Shanghai legal entities at 2023-12-31; individual-business employment excluded,1-9  按行业(大类)、地区分组的法人单位从业人员数,https://tjj.sh.gov.cn/tjnj/jjpcnj2023/zk/html/A1-09.xls
徐汇区,J,金融业,section,True,True,True,24820,546845,4.538763269299344,2023-12-31,people employed by Shanghai legal entities at 2023-12-31; individual-business employment excluded,1-9  按行业(大类)、地区分组的法人单位从业人员数,https://tjj.sh.gov.cn/tjnj/jjpcnj2023/zk/html/A1-09.xls
长宁区,J,金融业,section,True,True,True,12558,546845,2.2964459764649945,2023-12-31,people employed by Shanghai legal entities at 2023-12-31; individual-business employment excluded,1-9  按行业(大类)、地区分组的法人单位从业人员数,https://tjj.sh.gov.cn/tjnj/jjpcnj2023/zk/html/A1-09.xls
静安区,J,金融业,section,True,True,True,57821,546845,10.573562892592966,2023-12-31,people employed by Shanghai legal entities at 2023-12-31; individual-business employment excluded,1-9  按行业(大类)、地区分组的法人单位从业人员数,https://tjj.sh.gov.cn/tjnj/jjpcnj2023/zk/html/A1-09.xls
普陀区,J,金融业,section,True,True,True,11667,546845,2.1335113240497763,2023-12-31,people employed by Shanghai legal entities at 2023-12-31; individual-business employment excluded,1-9  按行业(大类)、地区分组的法人单位从业人员数,https://tjj.sh.gov.cn/tjnj/jjpcnj2023/zk/html/A1-09.xls
虹口区,J,金融业,section,True,True,True,30268,546845,5.535023635582294,2023-12-31,people employed by Shanghai legal entities at 2023-12-31; individual-business employment excluded,1-9  按行业(大类)、地区分组的法人单位从业人员数,https://tjj.sh.gov.cn/tjnj/jjpcnj2023/zk/html/A1-09.xls
杨浦区,J,金融业,section,True,True,True,9226,546845,1.687132551271384,2023-12-31,people employed by Shanghai legal entities at 2023-12-31; individual-business employment excluded,1-9  按行业(大类)、地区分组的法人单位从业人员数,https://tjj.sh.gov.cn/tjnj/jjpcnj2023/zk/html/A1-09.xls
闵行区,J,金融业,section,True,True,True,7802,546845,1.4267296948861194,2023-12-31,people employed by Shanghai legal entities at 2023-12-31; individual-business employment excluded,1-9  按行业(大类)、地区分组的法人单位从业人员数,https://tjj.sh.gov.cn/tjnj/jjpcnj2023/zk/html/A1-09.xls
宝山区,J,金融业,section,True,True,True,4784,546845,0.8748365624628551,2023-12-31,people employed by Shanghai legal entities at 2023-12-31; individual-business employment excluded,1-9  按行业(大类)、地区分组的法人单位从业人员数,https://tjj.sh.gov.cn/tjnj/jjpcnj2023/zk/html/A1-09.xls
嘉定区,J,金融业,section,True,True,True,9871,546845,1.8050818787773502,2023-12-31,people employed by Shanghai legal entities at 2023-12-31; individual-business employment excluded,1-9  按行业(大类)、地区分组的法人单位从业人员数,https://tjj.sh.gov.cn/tjnj/jjpcnj2023/zk/html/A1-09.xls
浦东新区,J,金融业,section,True,True,True,273573,546845,50.027521509751395,2023-12-31,people employed by Shanghai legal entities at 2023-12-31; individual-business employment excluded,1-9  按行业(大类)、地区分组的法人单位从业人员数,https://tjj.sh.gov.cn/tjnj/jjpcnj2023/zk/html/A1-09.xls
金山区,J,金融业,section,True,True,True,2896,546845,0.5295833371430662,2023-12-31,people employed by Shanghai legal entities at 2023-12-31; individual-business employment excluded,1-9  按行业(大类)、地区分组的法人单位从业人员数,https://tjj.sh.gov.cn/tjnj/jjpcnj2023/zk/html/A1-09.xls
松江区,J,金融业,section,True,True,True,3384,546845,0.618822518263859,2023-12-31,people employed by Shanghai legal entities at 2023-12-31; individual-business employment excluded,1-9  按行业(大类)、地区分组的法人单位从业人员数,https://tjj.sh.gov.cn/tjnj/jjpcnj2023/zk/html/A1-09.xls
青浦区,J,金融业,section,True,True,True,4607,546845,0.8424690725891248,2023-12-31,people employed by Shanghai legal entities at 2023-12-31; individual-business employment excluded,1-9  按行业(大类)、地区分组的法人单位从业人员数,https://tjj.sh.gov.cn/tjnj/jjpcnj2023/zk/html/A1-09.xls
奉贤区,J,金融业,section,True,True,True,4879,546845,0.8922089440335013,2023-12-31,people employed by Shanghai legal entities at 2023-12-31; individual-business employment excluded,1-9  按行业(大类)、地区分组的法人单位从业人员数,https://tjj.sh.gov.cn/tjnj/jjpcnj2023/zk/html/A1-09.xls
崇明区,J,金融业,section,True,True,True,5425,546845,0.9920544212711097,2023-12-31,people employed by Shanghai legal entities at 2023-12-31; individual-business employment excluded,1-9  按行业(大类)、地区分组的法人单位从业人员数,https://tjj.sh.gov.cn/tjnj/jjpcnj2023/zk/html/A1-09.xls
黄浦区,72,商务服务业,division,False,False,True,191187,1904322,10.03963615396976,2023-12-31,people employed by Shanghai legal entities at 2023-12-31; individual-business employment excluded,1-9  按行业(大类)、地区分组的法人单位从业人员数,https://tjj.sh.gov.cn/tjnj/jjpcnj2023/zk/html/A1-09.xls
徐汇区,72,商务服务业,division,False,False,True,151850,1904322,7.973966587583401,2023-12-31,people employed by Shanghai legal entities at 2023-12-31; individual-business employment excluded,1-9  按行业(大类)、地区分组的法人单位从业人员数,https://tjj.sh.gov.cn/tjnj/jjpcnj2023/zk/html/A1-09.xls
长宁区,72,商务服务业,division,False,False,True,106199,1904322,5.5767354470514965,2023-12-31,people employed by Shanghai legal entities at 2023-12-31; individual-business employment excluded,1-9  按行业(大类)、地区分组的法人单位从业人员数,https://tjj.sh.gov.cn/tjnj/jjpcnj2023/zk/html/A1-09.xls
静安区,72,商务服务业,division,False,False,True,228852,1904322,12.017505442882033,2023-12-31,people employed by Shanghai legal entities at 2023-12-31; individual-business employment excluded,1-9  按行业(大类)、地区分组的法人单位从业人员数,https://tjj.sh.gov.cn/tjnj/jjpcnj2023/zk/html/A1-09.xls
普陀区,72,商务服务业,division,False,False,True,88096,1904322,4.626108399734919,2023-12-31,people employed by Shanghai legal entities at 2023-12-31; individual-business employment excluded,1-9  按行业(大类)、地区分组的法人单位从业人员数,https://tjj.sh.gov.cn/tjnj/jjpcnj2023/zk/html/A1-09.xls
虹口区,72,商务服务业,division,False,False,True,54193,1904322,2.84578973513933,2023-12-31,people employed by Shanghai legal entities at 2023-12-31; individual-business employment excluded,1-9  按行业(大类)、地区分组的法人单位从业人员数,https://tjj.sh.gov.cn/tjnj/jjpcnj2023/zk/html/A1-09.xls
杨浦区,72,商务服务业,division,False,False,True,55036,1904322,2.890057458770103,2023-12-31,people employed by Shanghai legal entities at 2023-12-31; individual-business employment excluded,1-9  按行业(大类)、地区分组的法人单位从业人员数,https://tjj.sh.gov.cn/tjnj/jjpcnj2023/zk/html/A1-09.xls
闵行区,72,商务服务业,division,False,False,True,185963,1904322,9.765312798990927,2023-12-31,people employed by Shanghai legal entities at 2023-12-31; individual-business employment excluded,1-9  按行业(大类)、地区分组的法人单位从业人员数,https://tjj.sh.gov.cn/tjnj/jjpcnj2023/zk/html/A1-09.xls
宝山区,72,商务服务业,division,False,False,True,166347,1904322,8.735234902500732,2023-12-31,people employed by Shanghai legal entities at 2023-12-31; individual-business employment excluded,1-9  按行业(大类)、地区分组的法人单位从业人员数,https://tjj.sh.gov.cn/tjnj/jjpcnj2023/zk/html/A1-09.xls
嘉定区,72,商务服务业,division,False,False,True,95276,1904322,5.003145476447786,2023-12-31,people employed by Shanghai legal entities at 2023-12-31; individual-business employment excluded,1-9  按行业(大类)、地区分组的法人单位从业人员数,https://tjj.sh.gov.cn/tjnj/jjpcnj2023/zk/html/A1-09.xls
浦东新区,72,商务服务业,division,False,False,True,363367,1904322,19.08117429720394,2023-12-31,people employed by Shanghai legal entities at 2023-12-31; individual-business employment excluded,1-9  按行业(大类)、地区分组的法人单位从业人员数,https://tjj.sh.gov.cn/tjnj/jjpcnj2023/zk/html/A1-09.xls
金山区,72,商务服务业,division,False,False,True,31730,1904322,1.6662098111558863,2023-12-31,people employed by Shanghai legal entities at 2023-12-31; individual-business employment excluded,1-9  按行业(大类)、地区分组的法人单位从业人员数,https://tjj.sh.gov.cn/tjnj/jjpcnj2023/zk/html/A1-09.xls
松江区,72,商务服务业,division,False,False,True,68145,1904322,3.5784389404733026,2023-12-31,people employed by Shanghai legal entities at 2023-12-31; individual-business employment excluded,1-9  按行业(大类)、地区分组的法人单位从业人员数,https://tjj.sh.gov.cn/tjnj/jjpcnj2023/zk/html/A1-09.xls
青浦区,72,商务服务业,division,False,False,True,44055,1904322,2.3134217847611906,2023-12-31,people employed by Shanghai legal entities at 2023-12-31; individual-business employment excluded,1-9  按行业(大类)、地区分组的法人单位从业人员数,https://tjj.sh.gov.cn/tjnj/jjpcnj2023/zk/html/A1-09.xls
奉贤区,72,商务服务业,division,False,False,True,54954,1904322,2.88575146430068,2023-12-31,people employed by Shanghai legal entities at 2023-12-31; individual-business employment excluded,1-9  按行业(大类)、地区分组的法人单位从业人员数,https://tjj.sh.gov.cn/tjnj/jjpcnj2023/zk/html/A1-09.xls
崇明区,72,商务服务业,division,False,False,True,19072,1904322,1.001511299034512,2023-12-31,people employed by Shanghai legal entities at 2023-12-31; individual-business employment excluded,1-9  按行业(大类)、地区分组的法人单位从业人员数,https://tjj.sh.gov.cn/tjnj/jjpcnj2023/zk/html/A1-09.xls
黄浦区,M,科学研究和技术服务业,section,True,True,True,40473,872189,4.640393309248339,2023-12-31,people employed by Shanghai legal entities at 2023-12-31; individual-business employment excluded,1-9  按行业(大类)、地区分组的法人单位从业人员数,https://tjj.sh.gov.cn/tjnj/jjpcnj2023/zk/html/A1-09.xls
徐汇区,M,科学研究和技术服务业,section,True,True,True,95029,872189,10.895459585021136,2023-12-31,people employed by Shanghai legal entities at 2023-12-31; individual-business employment excluded,1-9  按行业(大类)、地区分组的法人单位从业人员数,https://tjj.sh.gov.cn/tjnj/jjpcnj2023/zk/html/A1-09.xls
长宁区,M,科学研究和技术服务业,section,True,True,True,26600,872189,3.049797692931234,2023-12-31,people employed by Shanghai legal entities at 2023-12-31; individual-business employment excluded,1-9  按行业(大类)、地区分组的法人单位从业人员数,https://tjj.sh.gov.cn/tjnj/jjpcnj2023/zk/html/A1-09.xls
静安区,M,科学研究和技术服务业,section,True,True,True,50564,872189,5.797367313735899,2023-12-31,people employed by Shanghai legal entities at 2023-12-31; individual-business employment excluded,1-9  按行业(大类)、地区分组的法人单位从业人员数,https://tjj.sh.gov.cn/tjnj/jjpcnj2023/zk/html/A1-09.xls
普陀区,M,科学研究和技术服务业,section,True,True,True,32220,872189,3.6941534460994117,2023-12-31,people employed by Shanghai legal entities at 2023-12-31; individual-business employment excluded,1-9  按行业(大类)、地区分组的法人单位从业人员数,https://tjj.sh.gov.cn/tjnj/jjpcnj2023/zk/html/A1-09.xls
虹口区,M,科学研究和技术服务业,section,True,True,True,19712,872189,2.2600606061300934,2023-12-31,people employed by Shanghai legal entities at 2023-12-31; individual-business employment excluded,1-9  按行业(大类)、地区分组的法人单位从业人员数,https://tjj.sh.gov.cn/tjnj/jjpcnj2023/zk/html/A1-09.xls
杨浦区,M,科学研究和技术服务业,section,True,True,True,55738,872189,6.390587361225605,2023-12-31,people employed by Shanghai legal entities at 2023-12-31; individual-business employment excluded,1-9  按行业(大类)、地区分组的法人单位从业人员数,https://tjj.sh.gov.cn/tjnj/jjpcnj2023/zk/html/A1-09.xls
闵行区,M,科学研究和技术服务业,section,True,True,True,112661,872189,12.91703977004984,2023-12-31,people employed by Shanghai legal entities at 2023-12-31; individual-business employment excluded,1-9  按行业(大类)、地区分组的法人单位从业人员数,https://tjj.sh.gov.cn/tjnj/jjpcnj2023/zk/html/A1-09.xls
宝山区,M,科学研究和技术服务业,section,True,True,True,35808,872189,4.105532172499309,2023-12-31,people employed by Shanghai legal entities at 2023-12-31; individual-business employment excluded,1-9  按行业(大类)、地区分组的法人单位从业人员数,https://tjj.sh.gov.cn/tjnj/jjpcnj2023/zk/html/A1-09.xls
嘉定区,M,科学研究和技术服务业,section,True,True,True,73293,872189,8.403339184511614,2023-12-31,people employed by Shanghai legal entities at 2023-12-31; individual-business employment excluded,1-9  按行业(大类)、地区分组的法人单位从业人员数,https://tjj.sh.gov.cn/tjnj/jjpcnj2023/zk/html/A1-09.xls
浦东新区,M,科学研究和技术服务业,section,True,True,True,215616,872189,24.7212473443256,2023-12-31,people employed by Shanghai legal entities at 2023-12-31; individual-business employment excluded,1-9  按行业(大类)、地区分组的法人单位从业人员数,https://tjj.sh.gov.cn/tjnj/jjpcnj2023/zk/html/A1-09.xls
金山区,M,科学研究和技术服务业,section,True,True,True,13077,872189,1.4993309936263814,2023-12-31,people employed by Shanghai legal entities at 2023-12-31; individual-business employment excluded,1-9  按行业(大类)、地区分组的法人单位从业人员数,https://tjj.sh.gov.cn/tjnj/jjpcnj2023/zk/html/A1-09.xls
松江区,M,科学研究和技术服务业,section,True,True,True,39561,872189,4.535828816919269,2023-12-31,people employed by Shanghai legal entities at 2023-12-31; individual-business employment excluded,1-9  按行业(大类)、地区分组的法人单位从业人员数,https://tjj.sh.gov.cn/tjnj/jjpcnj2023/zk/html/A1-09.xls
青浦区,M,科学研究和技术服务业,section,True,True,True,28916,872189,3.315336469503743,2023-12-31,people employed by Shanghai legal entities at 2023-12-31; individual-business employment excluded,1-9  按行业(大类)、地区分组的法人单位从业人员数,https://tjj.sh.gov.cn/tjnj/jjpcnj2023/zk/html/A1-09.xls
奉贤区,M,科学研究和技术服务业,section,True,True,True,29052,872189,3.3309294201142183,2023-12-31,people employed by Shanghai legal entities at 2023-12-31; individual-business employment excluded,1-9  按行业(大类)、地区分组的法人单位从业人员数,https://tjj.sh.gov.cn/tjnj/jjpcnj2023/zk/html/A1-09.xls
崇明区,M,科学研究和技术服务业,section,True,True,True,3869,872189,0.4435965140583062,2023-12-31,people employed by Shanghai legal entities at 2023-12-31; individual-business employment excluded,1-9  按行业(大类)、地区分组的法人单位从业人员数,https://tjj.sh.gov.cn/tjnj/jjpcnj2023/zk/html/A1-09.xls
黄浦区,K,房地产业,section,False,False,True,36382,601432,6.049229173040343,2023-12-31,people employed by Shanghai legal entities at 2023-12-31; individual-business employment excluded,1-9  按行业(大类)、地区分组的法人单位从业人员数,https://tjj.sh.gov.cn/tjnj/jjpcnj2023/zk/html/A1-09.xls
徐汇区,K,房地产业,section,False,False,True,38001,601432,6.318420037510474,2023-12-31,people employed by Shanghai legal entities at 2023-12-31; individual-business employment excluded,1-9  按行业(大类)、地区分组的法人单位从业人员数,https://tjj.sh.gov.cn/tjnj/jjpcnj2023/zk/html/A1-09.xls
长宁区,K,房地产业,section,False,False,True,33459,601432,5.563222442437383,2023-12-31,people employed by Shanghai legal entities at 2023-12-31; individual-business employment excluded,1-9  按行业(大类)、地区分组的法人单位从业人员数,https://tjj.sh.gov.cn/tjnj/jjpcnj2023/zk/html/A1-09.xls
静安区,K,房地产业,section,False,False,True,70802,601432,11.772236927865494,2023-12-31,people employed by Shanghai legal entities at 2023-12-31; individual-business employment excluded,1-9  按行业(大类)、地区分组的法人单位从业人员数,https://tjj.sh.gov.cn/tjnj/jjpcnj2023/zk/html/A1-09.xls
普陀区,K,房地产业,section,False,False,True,40299,601432,6.70050812061879,2023-12-31,people employed by Shanghai legal entities at 2023-12-31; individual-business employment excluded,1-9  按行业(大类)、地区分组的法人单位从业人员数,https://tjj.sh.gov.cn/tjnj/jjpcnj2023/zk/html/A1-09.xls
虹口区,K,房地产业,section,False,False,True,41739,601432,6.9399366844464545,2023-12-31,people employed by Shanghai legal entities at 2023-12-31; individual-business employment excluded,1-9  按行业(大类)、地区分组的法人单位从业人员数,https://tjj.sh.gov.cn/tjnj/jjpcnj2023/zk/html/A1-09.xls
杨浦区,K,房地产业,section,False,False,True,24822,601432,4.1271498689793695,2023-12-31,people employed by Shanghai legal entities at 2023-12-31; individual-business employment excluded,1-9  按行业(大类)、地区分组的法人单位从业人员数,https://tjj.sh.gov.cn/tjnj/jjpcnj2023/zk/html/A1-09.xls
闵行区,K,房地产业,section,False,False,True,58157,601432,9.669754851753815,2023-12-31,people employed by Shanghai legal entities at 2023-12-31; individual-business employment excluded,1-9  按行业(大类)、地区分组的法人单位从业人员数,https://tjj.sh.gov.cn/tjnj/jjpcnj2023/zk/html/A1-09.xls
宝山区,K,房地产业,section,False,False,True,34930,601432,5.807805371180782,2023-12-31,people employed by Shanghai legal entities at 2023-12-31; individual-business employment excluded,1-9  按行业(大类)、地区分组的法人单位从业人员数,https://tjj.sh.gov.cn/tjnj/jjpcnj2023/zk/html/A1-09.xls
嘉定区,K,房地产业,section,False,False,True,34975,601432,5.8152875138003965,2023-12-31,people employed by Shanghai legal entities at 2023-12-31; individual-business employment excluded,1-9  按行业(大类)、地区分组的法人单位从业人员数,https://tjj.sh.gov.cn/tjnj/jjpcnj2023/zk/html/A1-09.xls
浦东新区,K,房地产业,section,False,False,True,103410,601432,17.193963739874167,2023-12-31,people employed by Shanghai legal entities at 2023-12-31; individual-business employment excluded,1-9  按行业(大类)、地区分组的法人单位从业人员数,https://tjj.sh.gov.cn/tjnj/jjpcnj2023/zk/html/A1-09.xls
金山区,K,房地产业,section,False,False,True,12883,601432,2.1420542970776415,2023-12-31,people employed by Shanghai legal entities at 2023-12-31; individual-business employment excluded,1-9  按行业(大类)、地区分组的法人单位从业人员数,https://tjj.sh.gov.cn/tjnj/jjpcnj2023/zk/html/A1-09.xls
松江区,K,房地产业,section,False,False,True,31439,601432,5.227357373734687,2023-12-31,people employed by Shanghai legal entities at 2023-12-31; individual-business employment excluded,1-9  按行业(大类)、地区分组的法人单位从业人员数,https://tjj.sh.gov.cn/tjnj/jjpcnj2023/zk/html/A1-09.xls
青浦区,K,房地产业,section,False,False,True,19097,601432,3.1752550579284113,2023-12-31,people employed by Shanghai legal entities at 2023-12-31; individual-business employment excluded,1-9  按行业(大类)、地区分组的法人单位从业人员数,https://tjj.sh.gov.cn/tjnj/jjpcnj2023/zk/html/A1-09.xls
奉贤区,K,房地产业,section,False,False,True,16302,601432,2.7105308663323533,2023-12-31,people employed by Shanghai legal entities at 2023-12-31; individual-business employment excluded,1-9  按行业(大类)、地区分组的法人单位从业人员数,https://tjj.sh.gov.cn/tjnj/jjpcnj2023/zk/html/A1-09.xls
崇明区,K,房地产业,section,False,False,True,4735,601432,0.7872876734194391,2023-12-31,people employed by Shanghai legal entities at 2023-12-31; individual-business employment excluded,1-9  按行业(大类)、地区分组的法人单位从业人员数,https://tjj.sh.gov.cn/tjnj/jjpcnj2023/zk/html/A1-09.xls
黄浦区,P,教育,section,False,False,True,15527,478200,3.246967795901297,2023-12-31,people employed by Shanghai legal entities at 2023-12-31; individual-business employment excluded,1-9  按行业(大类)、地区分组的法人单位从业人员数,https://tjj.sh.gov.cn/tjnj/jjpcnj2023/zk/html/A1-09.xls
徐汇区,P,教育,section,False,False,True,39476,478200,8.255123379339189,2023-12-31,people employed by Shanghai legal entities at 2023-12-31; individual-business employment excluded,1-9  按行业(大类)、地区分组的法人单位从业人员数,https://tjj.sh.gov.cn/tjnj/jjpcnj2023/zk/html/A1-09.xls
长宁区,P,教育,section,False,False,True,13263,478200,2.773525721455458,2023-12-31,people employed by Shanghai legal entities at 2023-12-31; individual-business employment excluded,1-9  按行业(大类)、地区分组的法人单位从业人员数,https://tjj.sh.gov.cn/tjnj/jjpcnj2023/zk/html/A1-09.xls
静安区,P,教育,section,False,False,True,22281,478200,4.659347553324969,2023-12-31,people employed by Shanghai legal entities at 2023-12-31; individual-business employment excluded,1-9  按行业(大类)、地区分组的法人单位从业人员数,https://tjj.sh.gov.cn/tjnj/jjpcnj2023/zk/html/A1-09.xls
普陀区,P,教育,section,False,False,True,17331,478200,3.6242158092848182,2023-12-31,people employed by Shanghai legal entities at 2023-12-31; individual-business employment excluded,1-9  按行业(大类)、地区分组的法人单位从业人员数,https://tjj.sh.gov.cn/tjnj/jjpcnj2023/zk/html/A1-09.xls
虹口区,P,教育,section,False,False,True,20509,478200,4.288791300710999,2023-12-31,people employed by Shanghai legal entities at 2023-12-31; individual-business employment excluded,1-9  按行业(大类)、地区分组的法人单位从业人员数,https://tjj.sh.gov.cn/tjnj/jjpcnj2023/zk/html/A1-09.xls
杨浦区,P,教育,section,False,False,True,47603,478200,9.954621497281472,2023-12-31,people employed by Shanghai legal entities at 2023-12-31; individual-business employment excluded,1-9  按行业(大类)、地区分组的法人单位从业人员数,https://tjj.sh.gov.cn/tjnj/jjpcnj2023/zk/html/A1-09.xls
闵行区,P,教育,section,False,False,True,59864,478200,12.518611459640319,2023-12-31,people employed by Shanghai legal entities at 2023-12-31; individual-business employment excluded,1-9  按行业(大类)、地区分组的法人单位从业人员数,https://tjj.sh.gov.cn/tjnj/jjpcnj2023/zk/html/A1-09.xls
宝山区,P,教育,section,False,False,True,33440,478200,6.9928900041823505,2023-12-31,people employed by Shanghai legal entities at 2023-12-31; individual-business employment excluded,1-9  按行业(大类)、地区分组的法人单位从业人员数,https://tjj.sh.gov.cn/tjnj/jjpcnj2023/zk/html/A1-09.xls
嘉定区,P,教育,section,False,False,True,22945,478200,4.798201589293183,2023-12-31,people employed by Shanghai legal entities at 2023-12-31; individual-business employment excluded,1-9  按行业(大类)、地区分组的法人单位从业人员数,https://tjj.sh.gov.cn/tjnj/jjpcnj2023/zk/html/A1-09.xls
浦东新区,P,教育,section,False,False,True,92073,478200,19.254077791718945,2023-12-31,people employed by Shanghai legal entities at 2023-12-31; individual-business employment excluded,1-9  按行业(大类)、地区分组的法人单位从业人员数,https://tjj.sh.gov.cn/tjnj/jjpcnj2023/zk/html/A1-09.xls
金山区,P,教育,section,False,False,True,11801,478200,2.4677959012965287,2023-12-31,people employed by Shanghai legal entities at 2023-12-31; individual-business employment excluded,1-9  按行业(大类)、地区分组的法人单位从业人员数,https://tjj.sh.gov.cn/tjnj/jjpcnj2023/zk/html/A1-09.xls
松江区,P,教育,section,False,False,True,37007,478200,7.7388122124634044,2023-12-31,people employed by Shanghai legal entities at 2023-12-31; individual-business employment excluded,1-9  按行业(大类)、地区分组的法人单位从业人员数,https://tjj.sh.gov.cn/tjnj/jjpcnj2023/zk/html/A1-09.xls
青浦区,P,教育,section,False,False,True,17814,478200,3.7252195734002505,2023-12-31,people employed by Shanghai legal entities at 2023-12-31; individual-business employment excluded,1-9  按行业(大类)、地区分组的法人单位从业人员数,https://tjj.sh.gov.cn/tjnj/jjpcnj2023/zk/html/A1-09.xls
奉贤区,P,教育,section,False,False,True,17017,478200,3.5585529067335844,2023-12-31,people employed by Shanghai legal entities at 2023-12-31; individual-business employment excluded,1-9  按行业(大类)、地区分组的法人单位从业人员数,https://tjj.sh.gov.cn/tjnj/jjpcnj2023/zk/html/A1-09.xls
崇明区,P,教育,section,False,False,True,10249,478200,2.1432455039732328,2023-12-31,people employed by Shanghai legal entities at 2023-12-31; individual-business employment excluded,1-9  按行业(大类)、地区分组的法人单位从业人员数,https://tjj.sh.gov.cn/tjnj/jjpcnj2023/zk/html/A1-09.xls
黄浦区,Q,卫生和社会工作,section,False,False,True,38193,428065,8.92224311728359,2023-12-31,people employed by Shanghai legal entities at 2023-12-31; individual-business employment excluded,1-9  按行业(大类)、地区分组的法人单位从业人员数,https://tjj.sh.gov.cn/tjnj/jjpcnj2023/zk/html/A1-09.xls
徐汇区,Q,卫生和社会工作,section,False,False,True,44813,428065,10.468737224486935,2023-12-31,people employed by Shanghai legal entities at 2023-12-31; individual-business employment excluded,1-9  按行业(大类)、地区分组的法人单位从业人员数,https://tjj.sh.gov.cn/tjnj/jjpcnj2023/zk/html/A1-09.xls
长宁区,Q,卫生和社会工作,section,False,False,True,21477,428065,5.0172286919042675,2023-12-31,people employed by Shanghai legal entities at 2023-12-31; individual-business employment excluded,1-9  按行业(大类)、地区分组的法人单位从业人员数,https://tjj.sh.gov.cn/tjnj/jjpcnj2023/zk/html/A1-09.xls
静安区,Q,卫生和社会工作,section,False,False,True,39293,428065,9.179213437211638,2023-12-31,people employed by Shanghai legal entities at 2023-12-31; individual-business employment excluded,1-9  按行业(大类)、地区分组的法人单位从业人员数,https://tjj.sh.gov.cn/tjnj/jjpcnj2023/zk/html/A1-09.xls
普陀区,Q,卫生和社会工作,section,False,False,True,20718,428065,4.839919171153913,2023-12-31,people employed by Shanghai legal entities at 2023-12-31; individual-business employment excluded,1-9  按行业(大类)、地区分组的法人单位从业人员数,https://tjj.sh.gov.cn/tjnj/jjpcnj2023/zk/html/A1-09.xls
虹口区,Q,卫生和社会工作,section,False,False,True,22528,428065,5.2627521521264296,2023-12-31,people employed by Shanghai legal entities at 2023-12-31; individual-business employment excluded,1-9  按行业(大类)、地区分组的法人单位从业人员数,https://tjj.sh.gov.cn/tjnj/jjpcnj2023/zk/html/A1-09.xls
杨浦区,Q,卫生和社会工作,section,False,False,True,26414,428065,6.170558209617698,2023-12-31,people employed by Shanghai legal entities at 2023-12-31; individual-business employment excluded,1-9  按行业(大类)、地区分组的法人单位从业人员数,https://tjj.sh.gov.cn/tjnj/jjpcnj2023/zk/html/A1-09.xls
闵行区,Q,卫生和社会工作,section,False,False,True,36282,428065,8.475815588754045,2023-12-31,people employed by Shanghai legal entities at 2023-12-31; individual-business employment excluded,1-9  按行业(大类)、地区分组的法人单位从业人员数,https://tjj.sh.gov.cn/tjnj/jjpcnj2023/zk/html/A1-09.xls
宝山区,Q,卫生和社会工作,section,False,False,True,19650,428065,4.590424351441954,2023-12-31,people employed by Shanghai legal entities at 2023-12-31; individual-business employment excluded,1-9  按行业(大类)、地区分组的法人单位从业人员数,https://tjj.sh.gov.cn/tjnj/jjpcnj2023/zk/html/A1-09.xls
嘉定区,Q,卫生和社会工作,section,False,False,True,19948,428065,4.66003994720428,2023-12-31,people employed by Shanghai legal entities at 2023-12-31; individual-business employment excluded,1-9  按行业(大类)、地区分组的法人单位从业人员数,https://tjj.sh.gov.cn/tjnj/jjpcnj2023/zk/html/A1-09.xls
浦东新区,Q,卫生和社会工作,section,False,False,True,65354,428065,15.267307535070609,2023-12-31,people employed by Shanghai legal entities at 2023-12-31; individual-business employment excluded,1-9  按行业(大类)、地区分组的法人单位从业人员数,https://tjj.sh.gov.cn/tjnj/jjpcnj2023/zk/html/A1-09.xls
金山区,Q,卫生和社会工作,section,False,False,True,12149,428065,2.838120378914417,2023-12-31,people employed by Shanghai legal entities at 2023-12-31; individual-business employment excluded,1-9  按行业(大类)、地区分组的法人单位从业人员数,https://tjj.sh.gov.cn/tjnj/jjpcnj2023/zk/html/A1-09.xls
松江区,Q,卫生和社会工作,section,False,False,True,17806,428065,4.159648651489844,2023-12-31,people employed by Shanghai legal entities at 2023-12-31; individual-business employment excluded,1-9  按行业(大类)、地区分组的法人单位从业人员数,https://tjj.sh.gov.cn/tjnj/jjpcnj2023/zk/html/A1-09.xls
青浦区,Q,卫生和社会工作,section,False,False,True,19333,428065,4.516370177426325,2023-12-31,people employed by Shanghai legal entities at 2023-12-31; individual-business employment excluded,1-9  按行业(大类)、地区分组的法人单位从业人员数,https://tjj.sh.gov.cn/tjnj/jjpcnj2023/zk/html/A1-09.xls
奉贤区,Q,卫生和社会工作,section,False,False,True,13658,428065,3.190636935979349,2023-12-31,people employed by Shanghai legal entities at 2023-12-31; individual-business employment excluded,1-9  按行业(大类)、地区分组的法人单位从业人员数,https://tjj.sh.gov.cn/tjnj/jjpcnj2023/zk/html/A1-09.xls
崇明区,Q,卫生和社会工作,section,False,False,True,10449,428065,2.440984429934706,2023-12-31,people employed by Shanghai legal entities at 2023-12-31; individual-business employment excluded,1-9  按行业(大类)、地区分组的法人单位从业人员数,https://tjj.sh.gov.cn/tjnj/jjpcnj2023/zk/html/A1-09.xls
黄浦区,R,文化、体育和娱乐业,section,False,False,True,9720,150609,6.45379758181782,2023-12-31,people employed by Shanghai legal entities at 2023-12-31; individual-business employment excluded,1-9  按行业(大类)、地区分组的法人单位从业人员数,https://tjj.sh.gov.cn/tjnj/jjpcnj2023/zk/html/A1-09.xls
徐汇区,R,文化、体育和娱乐业,section,False,False,True,14737,150609,9.784939811033869,2023-12-31,people employed by Shanghai legal entities at 2023-12-31; individual-business employment excluded,1-9  按行业(大类)、地区分组的法人单位从业人员数,https://tjj.sh.gov.cn/tjnj/jjpcnj2023/zk/html/A1-09.xls
长宁区,R,文化、体育和娱乐业,section,False,False,True,6612,150609,4.390175885903233,2023-12-31,people employed by Shanghai legal entities at 2023-12-31; individual-business employment excluded,1-9  按行业(大类)、地区分组的法人单位从业人员数,https://tjj.sh.gov.cn/tjnj/jjpcnj2023/zk/html/A1-09.xls
静安区,R,文化、体育和娱乐业,section,False,False,True,15144,150609,10.055175985498876,2023-12-31,people employed by Shanghai legal entities at 2023-12-31; individual-business employment excluded,1-9  按行业(大类)、地区分组的法人单位从业人员数,https://tjj.sh.gov.cn/tjnj/jjpcnj2023/zk/html/A1-09.xls
普陀区,R,文化、体育和娱乐业,section,False,False,True,6271,150609,4.1637617937839035,2023-12-31,people employed by Shanghai legal entities at 2023-12-31; individual-business employment excluded,1-9  按行业(大类)、地区分组的法人单位从业人员数,https://tjj.sh.gov.cn/tjnj/jjpcnj2023/zk/html/A1-09.xls
虹口区,R,文化、体育和娱乐业,section,False,False,True,4852,150609,3.221587023351858,2023-12-31,people employed by Shanghai legal entities at 2023-12-31; individual-business employment excluded,1-9  按行业(大类)、地区分组的法人单位从业人员数,https://tjj.sh.gov.cn/tjnj/jjpcnj2023/zk/html/A1-09.xls
杨浦区,R,文化、体育和娱乐业,section,False,False,True,6536,150609,4.339714094111242,2023-12-31,people employed by Shanghai legal entities at 2023-12-31; individual-business employment excluded,1-9  按行业(大类)、地区分组的法人单位从业人员数,https://tjj.sh.gov.cn/tjnj/jjpcnj2023/zk/html/A1-09.xls
闵行区,R,文化、体育和娱乐业,section,False,False,True,15103,150609,10.027953176768985,2023-12-31,people employed by Shanghai legal entities at 2023-12-31; individual-business employment excluded,1-9  按行业(大类)、地区分组的法人单位从业人员数,https://tjj.sh.gov.cn/tjnj/jjpcnj2023/zk/html/A1-09.xls
宝山区,R,文化、体育和娱乐业,section,False,False,True,6451,150609,4.283276563817568,2023-12-31,people employed by Shanghai legal entities at 2023-12-31; individual-business employment excluded,1-9  按行业(大类)、地区分组的法人单位从业人员数,https://tjj.sh.gov.cn/tjnj/jjpcnj2023/zk/html/A1-09.xls
嘉定区,R,文化、体育和娱乐业,section,False,False,True,6549,150609,4.348345716391451,2023-12-31,people employed by Shanghai legal entities at 2023-12-31; individual-business employment excluded,1-9  按行业(大类)、地区分组的法人单位从业人员数,https://tjj.sh.gov.cn/tjnj/jjpcnj2023/zk/html/A1-09.xls
浦东新区,R,文化、体育和娱乐业,section,False,False,True,34229,150609,22.727061463790342,2023-12-31,people employed by Shanghai legal entities at 2023-12-31; individual-business employment excluded,1-9  按行业(大类)、地区分组的法人单位从业人员数,https://tjj.sh.gov.cn/tjnj/jjpcnj2023/zk/html/A1-09.xls
金山区,R,文化、体育和娱乐业,section,False,False,True,2012,150609,1.3359095405985033,2023-12-31,people employed by Shanghai legal entities at 2023-12-31; individual-business employment excluded,1-9  按行业(大类)、地区分组的法人单位从业人员数,https://tjj.sh.gov.cn/tjnj/jjpcnj2023/zk/html/A1-09.xls
松江区,R,文化、体育和娱乐业,section,False,False,True,11507,150609,7.640313659874244,2023-12-31,people employed by Shanghai legal entities at 2023-12-31; individual-business employment excluded,1-9  按行业(大类)、地区分组的法人单位从业人员数,https://tjj.sh.gov.cn/tjnj/jjpcnj2023/zk/html/A1-09.xls
青浦区,R,文化、体育和娱乐业,section,False,False,True,4926,150609,3.2707208732545867,2023-12-31,people employed by Shanghai legal entities at 2023-12-31; individual-business employment excluded,1-9  按行业(大类)、地区分组的法人单位从业人员数,https://tjj.sh.gov.cn/tjnj/jjpcnj2023/zk/html/A1-09.xls
奉贤区,R,文化、体育和娱乐业,section,False,False,True,4343,150609,2.8836258125344436,2023-12-31,people employed by Shanghai legal entities at 2023-12-31; individual-business employment excluded,1-9  按行业(大类)、地区分组的法人单位从业人员数,https://tjj.sh.gov.cn/tjnj/jjpcnj2023/zk/html/A1-09.xls
崇明区,R,文化、体育和娱乐业,section,False,False,True,1617,150609,1.0736410174690756,2023-12-31,people employed by Shanghai legal entities at 2023-12-31; individual-business employment excluded,1-9  按行业(大类)、地区分组的法人单位从业人员数,https://tjj.sh.gov.cn/tjnj/jjpcnj2023/zk/html/A1-09.xls
黄浦区,S,公共管理、社会保障和社会组织,section,False,False,True,28596,334334,8.553123523183404,2023-12-31,people employed by Shanghai legal entities at 2023-12-31; individual-business employment excluded,1-9  按行业(大类)、地区分组的法人单位从业人员数,https://tjj.sh.gov.cn/tjnj/jjpcnj2023/zk/html/A1-09.xls
徐汇区,S,公共管理、社会保障和社会组织,section,False,False,True,24193,334334,7.236176996656038,2023-12-31,people employed by Shanghai legal entities at 2023-12-31; individual-business employment excluded,1-9  按行业(大类)、地区分组的法人单位从业人员数,https://tjj.sh.gov.cn/tjnj/jjpcnj2023/zk/html/A1-09.xls
长宁区,S,公共管理、社会保障和社会组织,section,False,False,True,13092,334334,3.9158446344075086,2023-12-31,people employed by Shanghai legal entities at 2023-12-31; individual-business employment excluded,1-9  按行业(大类)、地区分组的法人单位从业人员数,https://tjj.sh.gov.cn/tjnj/jjpcnj2023/zk/html/A1-09.xls
静安区,S,公共管理、社会保障和社会组织,section,False,False,True,33483,334334,10.01483546393726,2023-12-31,people employed by Shanghai legal entities at 2023-12-31; individual-business employment excluded,1-9  按行业(大类)、地区分组的法人单位从业人员数,https://tjj.sh.gov.cn/tjnj/jjpcnj2023/zk/html/A1-09.xls
普陀区,S,公共管理、社会保障和社会组织,section,False,False,True,14464,334334,4.326212709446242,2023-12-31,people employed by Shanghai legal entities at 2023-12-31; individual-business employment excluded,1-9  按行业(大类)、地区分组的法人单位从业人员数,https://tjj.sh.gov.cn/tjnj/jjpcnj2023/zk/html/A1-09.xls
虹口区,S,公共管理、社会保障和社会组织,section,False,False,True,12054,334334,3.6053766592688747,2023-12-31,people employed by Shanghai legal entities at 2023-12-31; individual-business employment excluded,1-9  按行业(大类)、地区分组的法人单位从业人员数,https://tjj.sh.gov.cn/tjnj/jjpcnj2023/zk/html/A1-09.xls
杨浦区,S,公共管理、社会保障和社会组织,section,False,False,True,15074,334334,4.508664987706904,2023-12-31,people employed by Shanghai legal entities at 2023-12-31; individual-business employment excluded,1-9  按行业(大类)、地区分组的法人单位从业人员数,https://tjj.sh.gov.cn/tjnj/jjpcnj2023/zk/html/A1-09.xls
闵行区,S,公共管理、社会保障和社会组织,section,False,False,True,20719,334334,6.197096316856796,2023-12-31,people employed by Shanghai legal entities at 2023-12-31; individual-business employment excluded,1-9  按行业(大类)、地区分组的法人单位从业人员数,https://tjj.sh.gov.cn/tjnj/jjpcnj2023/zk/html/A1-09.xls
宝山区,S,公共管理、社会保障和社会组织,section,False,False,True,19179,334334,5.736479089772503,2023-12-31,people employed by Shanghai legal entities at 2023-12-31; individual-business employment excluded,1-9  按行业(大类)、地区分组的法人单位从业人员数,https://tjj.sh.gov.cn/tjnj/jjpcnj2023/zk/html/A1-09.xls
嘉定区,S,公共管理、社会保障和社会组织,section,False,False,True,14964,334334,4.475763757200883,2023-12-31,people employed by Shanghai legal entities at 2023-12-31; individual-business employment excluded,1-9  按行业(大类)、地区分组的法人单位从业人员数,https://tjj.sh.gov.cn/tjnj/jjpcnj2023/zk/html/A1-09.xls
浦东新区,S,公共管理、社会保障和社会组织,section,False,False,True,59394,334334,17.764869860678246,2023-12-31,people employed by Shanghai legal entities at 2023-12-31; individual-business employment excluded,1-9  按行业(大类)、地区分组的法人单位从业人员数,https://tjj.sh.gov.cn/tjnj/jjpcnj2023/zk/html/A1-09.xls
金山区,S,公共管理、社会保障和社会组织,section,False,False,True,12828,334334,3.8368816811930584,2023-12-31,people employed by Shanghai legal entities at 2023-12-31; individual-business employment excluded,1-9  按行业(大类)、地区分组的法人单位从业人员数,https://tjj.sh.gov.cn/tjnj/jjpcnj2023/zk/html/A1-09.xls
松江区,S,公共管理、社会保障和社会组织,section,False,False,True,17570,334334,5.255223818098069,2023-12-31,people employed by Shanghai legal entities at 2023-12-31; individual-business employment excluded,1-9  按行业(大类)、地区分组的法人单位从业人员数,https://tjj.sh.gov.cn/tjnj/jjpcnj2023/zk/html/A1-09.xls
青浦区,S,公共管理、社会保障和社会组织,section,False,False,True,20263,334334,6.060705761304563,2023-12-31,people employed by Shanghai legal entities at 2023-12-31; individual-business employment excluded,1-9  按行业(大类)、地区分组的法人单位从业人员数,https://tjj.sh.gov.cn/tjnj/jjpcnj2023/zk/html/A1-09.xls
奉贤区,S,公共管理、社会保障和社会组织,section,False,False,True,16354,334334,4.891515669958784,2023-12-31,people employed by Shanghai legal entities at 2023-12-31; individual-business employment excluded,1-9  按行业(大类)、地区分组的法人单位从业人员数,https://tjj.sh.gov.cn/tjnj/jjpcnj2023/zk/html/A1-09.xls
崇明区,S,公共管理、社会保障和社会组织,section,False,False,True,12107,334334,3.621229070330867,2023-12-31,people employed by Shanghai legal entities at 2023-12-31; individual-business employment excluded,1-9  按行业(大类)、地区分组的法人单位从业人员数,https://tjj.sh.gov.cn/tjnj/jjpcnj2023/zk/html/A1-09.xls
