industry_code,industry_name,classification_level,core_office,core_plus_full_row,broad_office,rationale,mixed_activity_warning,official_city_industry_employment,share_of_shanghai_all_industry_employment_percentage,source_table,source_url
I,信息传输、软件和信息技术服务业,section,True,True,True,"Digital, software, telecommunications, and information-service employers are predominantly office/technical-workplace oriented.",Telecommunications field operations and infrastructure roles are included because the official district table cannot separate occupations.,1058551,8.080668437941204,1-9  按行业(大类)、地区分组的法人单位从业人员数,https://tjj.sh.gov.cn/tjnj/jjpcnj2023/zk/html/A1-09.xls
J,金融业,section,True,True,True,"Banking, securities, insurance, and other financial services are archetypal office-oriented activities.","Branch-counter, field-sales, and support roles are included; the measure is industry based, not occupation based.",546845,4.17445463841228,1-9  按行业(大类)、地区分组的法人单位从业人员数,https://tjj.sh.gov.cn/tjnj/jjpcnj2023/zk/html/A1-09.xls
72,商务服务业,division,False,False,True,"The full division is retained only in the Broad professional/institutional sensitivity; Core+ uses selected three-digit groups 721, 723, 724, and 725 instead.","Labor dispatch, security, conference, travel, and other operational services make full code 72 unsuitable for an office-oriented metric. Cleaning is code 821, outside division 72.",1904322,14.537036648283427,1-9  按行业(大类)、地区分组的法人单位从业人员数,https://tjj.sh.gov.cn/tjnj/jjpcnj2023/zk/html/A1-09.xls
M,科学研究和技术服务业,section,True,True,True,"Research, engineering, design, testing, and professional technical services are office/laboratory oriented.","Laboratory, survey, inspection, and field technical roles are included.",872189,6.6580354883416115,1-9  按行业(大类)、地区分组的法人单位从业人员数,https://tjj.sh.gov.cn/tjnj/jjpcnj2023/zk/html/A1-09.xls
K,房地产业,section,False,False,True,"Development, brokerage, leasing, and property administration add a broader commercial-office universe.","Property-management, maintenance, and on-site service workers make the section too mixed for Core.",601432,4.5911558157971175,1-9  按行业(大类)、地区分组的法人单位从业人员数,https://tjj.sh.gov.cn/tjnj/jjpcnj2023/zk/html/A1-09.xls
P,教育,section,False,False,True,Education adds professional and administrative institutional workplaces to the Broad definition.,Schools and campuses are not conventional offices; teachers and support workers are included.,478200,3.650438804576713,1-9  按行业(大类)、地区分组的法人单位从业人员数,https://tjj.sh.gov.cn/tjnj/jjpcnj2023/zk/html/A1-09.xls
Q,卫生和社会工作,section,False,False,True,Health and social work add major professional/institutional workplaces to Broad.,"Hospitals, clinics, care institutions, and clinical/support occupations are not conventional offices.",428065,3.2677228918467813,1-9  按行业(大类)、地区分组的法人单位从业人员数,https://tjj.sh.gov.cn/tjnj/jjpcnj2023/zk/html/A1-09.xls
R,文化、体育和娱乐业,section,False,False,True,"Media, publishing, cultural, and creative organizations form part of a broad professional-workplace universe.","Sports venues, performance, and entertainment operations are included and may not be office based.",150609,1.1497050144677838,1-9  按行业(大类)、地区分组的法人单位从业人员数,https://tjj.sh.gov.cn/tjnj/jjpcnj2023/zk/html/A1-09.xls
S,公共管理、社会保障和社会组织,section,False,False,True,Government and social-organization administration are office/institutional workplaces included in Broad.,"Public-safety, community, and other non-desk government/social-organization roles are included.",334334,2.552207878062214,1-9  按行业(大类)、地区分组的法人单位从业人员数,https://tjj.sh.gov.cn/tjnj/jjpcnj2023/zk/html/A1-09.xls
