district,accounting_stratum_id,control_name,control_type,official_control_total_employment,employment_I,employment_J,employment_M,employment_721,employment_723,employment_724,employment_725,inside_I,inside_J,inside_M,inside_721,inside_723,inside_724,inside_725,control_core_employment,control_core_plus_base_employment,core_inside_50min,core_plus_base_inside_50min,core_capture_percentage,core_plus_capture_percentage,contribution_to_core_plus_base_numerator_percentage,numerator_rank,fine_control_rank
浦东新区,310115503000,张江高科技园区,functional_zone,469000,53394,44563,35123,7096,1564,11310,3129,53307.29911808599,44488.314748197445,35066.764427408634,7084.319746136664,1561.3741573789516,11290.95294051172,3123.9229493242688,133080,156179,132862.37829369208,155922.94808704368,99.83647301900515,99.83605227786302,12.86422161290596,1,1
浦东新区,310115005000,陆家嘴街道,street,200750,22855,19075,15034,3037,669,4841,1339,22840.831034442217,19067.206862653773,15022.448696841662,3035.4161460426494,669.0,4839.391405767899,1338.9752597252502,56964,66850,56930.48659393765,66813.26940547345,99.941167393332,99.94505520639258,5.512342569581133,3,2
浦东新区,310115004000,潍坊新村街道,street,153750,17504,14609,11514,2326,512,3708,1026,17504.0,14609.0,11514.0,2326.0,512.0,3708.0,1026.0,43627,51199,43627.0,51199.0,100.0,100.0,4.224107422542385,4,3
静安区,310106012000,南京西路街道,street,152000,14247,138,8381,4548,1002,7248,2005,14247.0,138.0,8381.0,4548.0,1002.0,7248.0,2005.0,22766,37569,22766.0,37569.0,100.0,100.0,3.099581862096816,5,4
黄浦区,310101017000,小东门街道,street,126442,6940,1769,8017,4540,1001,7237,2002,6940.0,1769.0,8017.0,4540.0,1001.0,7237.0,2002.0,16726,31506,16726.0,31506.0,100.0,100.0,2.5993618714158555,7,5
静安区,310106015000,天目西路街道,street,161000,15090,146,8878,4817,1062,7677,2124,11718.60261535424,107.15387350223008,6998.6018696647,3665.455182366572,790.5800489336436,5897.695669845324,1593.093119840893,24114,39794,18824.358358521167,30771.1823795076,78.06402238749757,77.32618580566819,2.538736691921395,8,6
虹口区,310109018000,北外滩街道,street,133468,6878,9868,6426,2118,467,3376,934,6878.0,9868.0,6426.0,2118.0,467.0,3376.0,934.0,23172,30067,23172.0,30067.0,100.0,100.0,2.4806390334495183,9,7
徐汇区,310104014000,徐家汇街道,street,216300,31496,0,21537,4126,909,6576,1819,13790.082554690918,0.0,9545.79153870355,1815.944660085944,396.7156700183903,2896.631782772765,812.1486285210826,53033,66463,23335.87409339447,29257.31483479265,44.002553303404426,44.020454741424025,2.413837003795134,11,8
黄浦区,310101013000,外滩街道,street,113352,6221,1586,7188,4070,897,6488,1794,6221.0,1586.0,7188.0,4070.0,897.0,6488.0,1794.0,14995,28244,14995.0,28244.0,100.0,100.0,2.330234771036292,12,9
浦东新区,310115016000,花木街道,street,81750,9307,7768,6122,1237,273,1971,545,9306.930321158445,7767.999031345782,6121.930321158443,1237.0,273.0,1971.0,545.0,23197,27223,23196.859673662664,27222.859673662664,99.99939506687356,99.9994845302232,2.2459869061963755,13,10
黄浦区,310101002000,南京东路街道,street,101851,5590,1425,6458,3658,806,5829,1613,5590.0,1425.0,6458.0,3658.0,806.0,5829.0,1613.0,13473,25379,13473.0,25379.0,100.0,100.0,2.0938616433270805,14,11
浦东新区,310115502000,金桥经济技术开发区,functional_zone,203000,23111,19289,15203,3071,677,4895,1354,7997.3743952873665,7208.258262776287,5136.004992467849,1095.8595058775168,241.86193861726403,1702.7903969582546,493.0285618941279,57603,67600,20341.637650531506,23875.178053878662,35.31350389828916,35.318310730589744,1.9697907543489113,15,12
黄浦区,310101022000,淮海中路街道,street,81561,4477,1141,5172,2929,645,4668,1291,4477.0,1141.0,5172.0,2929.0,645.0,4668.0,1291.0,10790,20323,10790.0,20323.0,100.0,100.0,1.676722888109707,16,13
静安区,310106013000,静安寺街道,street,80000,7498,73,4411,2393,528,3815,1055,7498.0,73.0,4411.0,2393.0,528.0,3815.0,1055.0,11982,19773,11982.0,19773.0,100.0,100.0,1.631345847886298,17,14
浦东新区,310115008000,塘桥街道,street,54750,6233,5202,4100,828,183,1321,365,6227.809873879842,5197.960569286701,4097.0020010042845,827.6507466666166,183.0,1319.503848229297,365.0,15535,18232,15522.772444170829,18217.92703906674,99.92129027467544,99.92281175442486,1.5030465600706544,18,15
徐汇区,310104003000,天平路街道,street,57800,8417,0,5755,1102,243,1757,486,8404.143228643927,0.0,5745.469891866764,1101.029673421648,242.7491528742971,1754.831332957089,485.49185564330287,14172,17760,14149.61312051069,17733.71513540703,99.84203443769891,99.85199963630085,1.4630972818360723,19,16
浦东新区,310115013000,洋泾街道,street,51750,5892,4917,3875,783,173,1248,345,5892.0,4917.0,3875.0,783.0,173.0,1248.0,345.0,14684,17233,14684.0,17233.0,100.0,100.0,1.4217864257636461,20,17
浦东新区,310115105000,北蔡镇,town,60000,6831,5701,4493,908,200,1447,400,5886.84355716333,4883.640065124589,3873.153526031138,775.6716783128406,168.45987829483468,1246.0423202893885,342.5091909009705,17025,19980,14643.637148319056,17176.320216117092,86.01255300040562,85.96756864923469,1.417110133339812,21,18
静安区,310106016000,北站街道,street,65000,6092,59,3584,1945,428,3100,858,6092.0,59.0,3584.0,1945.0,428.0,3100.0,858.0,9735,16066,9735.0,16066.0,100.0,100.0,1.3255045967805221,22,19
杨浦区,310110018000,大桥街道,street,72321,11839,0,8046,952,210,1518,420,8242.307543629871,0.0,5620.117955910941,660.8636724763719,147.39316690889413,1059.5760526412594,292.1507411677814,19885,22985,13862.425499540812,16022.409132735118,69.71297711612175,69.70811021420543,1.3219081885309734,23,20
杨浦区,310110006000,平凉路街道,street,49638,8126,0,5522,654,144,1042,288,8125.98718454894,0.0,5521.99145636596,654.0,144.0,1042.0,288.0,13648,15776,13647.978640914898,15775.978640914898,99.99984350025572,99.99986461026178,1.3015767588226088,24,21
徐汇区,310104008000,枫林路街道,street,56800,8271,0,5655,1083,239,1727,478,7454.119528331978,0.0,5088.679264260235,975.135824381032,214.95222746459785,1552.4759728533768,431.1097451759636,13926,17453,12542.798792592212,15716.472562467185,90.06749097078999,90.05026392291975,1.2966672866130466,25,22
徐汇区,310104004000,湖南路街道,street,48700,7091,0,4849,929,205,1481,409,6805.359167662389,0.0,4655.130396320372,893.0384735104277,197.4469715892824,1421.8998735871442,393.58348670047553,11940,14964,11460.48956398276,14366.458369370092,95.98399969834809,96.00680546224332,1.1852861078087926,26,23
杨浦区,310110008000,江浦路街道,street,44382,7266,0,4937,585,129,931,258,7266.0,0.0,4937.0,585.0,129.0,931.0,258.0,12203,14106,12203.0,14106.0,100.0,100.0,1.1637973261661925,27,24
浦东新区,310115010000,南码头路街道,street,41750,4753,3967,3126,632,139,1007,279,4596.121255679548,3814.26105770574,3005.3595188137674,610.3457877811863,135.25867630588036,970.1160059406544,268.893584165683,11846,13903,11415.741832199055,13400.355886392465,96.36790336146429,96.384635592264,1.1055790692087726,28,25
黄浦区,310101023000,瑞金二路街道,street,52840,2900,739,3351,1897,418,3024,837,2900.0,739.0,3351.0,1897.0,418.0,3024.0,837.0,6990,13166,6990.0,13166.0,100.0,100.0,1.0862438392389115,29,26
黄浦区,310101021000,打浦桥街道,street,49936,2741,699,3166,1793,395,2858,791,2741.0,699.0,3166.0,1793.0,395.0,2858.0,791.0,6606,12443,6606.0,12443.0,100.0,100.0,1.0265936572725032,30,27
杨浦区,310110009000,四平路街道,street,45502,7449,0,5062,599,132,955,264,6379.859035503031,0.0,4339.067581554031,515.2579860433927,111.6517222984372,819.3241060023455,229.56499983738595,12511,14461,10718.926617057065,12394.725431238625,85.67601804058079,85.71139915108652,1.0226108262753169,31,28
浦东新区,310115103000,川沙新镇,town,89000,10132,8457,6665,1346,297,2146,594,3976.616556653311,3603.271070815478,2488.1688628700654,543.7991414635385,127.06386978637627,847.830058191199,236.5308687316543,25254,29637,10068.056490338857,11823.280428511622,39.86717545869507,39.89364790131128,0.9754644937767544,32,29
静安区,310106011000,石门二路街道,street,47000,4405,43,2592,1406,310,2241,620,4405.0,43.0,2592.0,1406.0,310.0,2241.0,620.0,7040,11617,7040.0,11617.0,100.0,100.0,0.9584455932278928,33,30
虹口区,310109017000,四川北路街道,street,51996,2679,3844,2504,825,182,1315,364,2654.5063878814326,3807.499065034571,2483.838745397597,817.537187650241,179.32672206159594,1303.585533371773,361.13337863034,9027,11713,8945.8441983136,11607.427020027551,99.1009659722344,99.09866831748955,0.9576557868692243,34,31
长宁区,310105001000,华阳路街道,street,48926,5405,605,2180,1044,230,1663,460,5322.479539435189,594.1958177884292,2149.777601569661,1027.0041610271517,226.97155670187783,1633.297650600007,453.8989251334344,8190,11587,8066.452958793278,11407.62525225575,98.49148911835503,98.45193106287866,0.9411713998639711,35,32
浦东新区,310115114000,唐镇,town,43000,4895,4086,3220,651,143,1037,287,3837.52780285294,3125.090661847551,2557.1353043266326,504.4044001204609,108.04376551614584,811.9254517228214,220.6132352679977,12201,14319,9519.753769027124,11164.74062165455,78.02437315816017,77.97151073157728,0.9211325168595377,36,33
杨浦区,310110019000,五角场街道,street,105944,17344,0,11786,1395,307,2224,615,5637.65817945203,0.0,3897.404970696237,398.0808432471019,80.24358530327639,709.7385707723063,170.98185553805374,29130,33671,9535.063150148266,10894.108005009004,32.73279488550727,32.354572198654644,0.8988043220753715,37,34
长宁区,310105006000,天山路街道,street,70756,7817,875,3153,1509,333,2405,665,4878.152045702797,640.0654981622241,1924.1334912737989,1036.23019632226,238.63078365929383,1511.865039802518,460.484933028085,11845,16757,7442.3510351388195,10689.561987950976,62.8311611240086,63.79162134004282,0.8819285169052257,38,35
黄浦区,310101020000,五里桥街道,street,45959,2522,643,2914,1650,364,2631,728,2337.9812213782525,598.957434835019,2688.7800838757507,1531.2858892928036,339.26149066807204,2439.880413676293,671.8414386576358,6079,11452,5625.718740089022,10607.987972383826,92.54348972016815,92.6300032516925,0.875198358022361,39,36
静安区,310106014000,曹家渡街道,street,48000,4499,44,2647,1436,316,2289,633,3956.410452650731,38.707493459522425,2332.3958527100444,1258.0566007111836,277.1285064519994,2011.9431800155487,556.6929459228309,7190,11864,6327.513798820298,10431.33503192186,88.0043643785855,87.92426695820853,0.8606238351406774,40,37
浦东新区,310115130000,三林镇,town,96000,10929,9122,7189,1452,320,2315,641,3153.9145180173973,2685.314746939824,2058.978767340864,422.86270753630816,97.80504891082772,673.7394873557033,194.6635722161338,27240,31968,7898.208032298085,9287.27884831706,28.994889986410005,29.05179819919,0.7662349561201779,41,38
浦东新区,310115136000,康桥镇,town,57000,6489,5416,4269,862,190,1375,380,3120.775739326549,2639.1190005826884,2043.511987996635,414.9122915319937,98.40049559157238,663.3744119527437,194.3088273579096,16174,18981,7803.406727905873,9174.40275434009,48.24661016387952,48.33466495095142,0.7569222596535338,42,39
虹口区,310109014000,嘉兴路街道,street,40429,2083,2989,1947,642,141,1023,283,2083.0,2989.0,1947.0,642.0,141.0,1023.0,283.0,7019,9108,7019.0,9108.0,100.0,100.0,0.7514437860996512,43,40
长宁区,310105002000,江苏路街道,street,37808,4177,468,1685,806,178,1285,355,4177.0,468.0,1685.0,806.0,178.0,1285.0,355.0,6330,8954,6330.0,8954.0,100.0,100.0,0.7387382148370967,44,41
浦东新区,310115007000,周家渡街道,street,24750,2818,2352,1854,374,82,597,165,2800.782349452149,2342.711859044887,1839.7484213410864,373.39811025993566,82.0,593.7518854849247,165.0,7024,8242,6983.242629838122,8197.392625582983,99.41974131318511,99.45877973286802,0.6763152998148263,45,42
浦东新区,310115009000,上钢新村街道,street,25750,2931,2447,1928,390,86,621,172,2774.038616391451,2323.268698325062,1828.7706900359983,373.3415229961263,82.68715390492538,590.2579223235011,166.44695676774407,7306,8575,6926.07800475251,8138.811560744807,94.79986319124706,94.91325435270912,0.6714821446593862,46,43
徐汇区,310104007000,斜土路街道,street,29800,4339,0,2967,569,125,906,251,3726.436796889762,0.0,2567.3457025975013,488.7727735730651,106.0,780.5455471461302,219.0,7306,9157,6293.782499487263,7888.100820206458,86.14539418953275,86.14285049914227,0.6507975785542056,47,44
黄浦区,310101015000,半淞园路街道,street,30334,1665,424,1924,1089,240,1736,480,1654.1805270736525,421.5230951214151,1912.5640841036288,1082.9693770917854,239.03355323395328,1725.1805270736525,477.1628463962877,4013,7558,3988.267706298696,7512.614010094375,99.3836956466159,99.39949735504598,0.619818523852723,48,45
静安区,310106006000,江宁路街道,street,35000,3280,32,1930,1047,231,1669,462,2666.2419533196603,26.931253579958067,1569.8519187717443,849.7566621448751,186.78113181242475,1354.0545539867735,375.0200233451449,5242,8651,4263.025125671363,7028.637496960581,81.32440148171237,81.24653215767636,0.5798886662097096,49,46
浦东新区,310115125000,张江镇,town,21000,2391,1995,1573,318,70,506,140,2270.111925140841,1893.111925140841,1492.9141242131625,312.0,70.0,484.6870786894758,140.0,5959,6993,5656.1379744948445,6662.8250531843205,94.9175696340803,95.27849353902933,0.5497077826179662,50,47
普陀区,310107015000,长寿路街道,street,96000,10691,0,6041,1980,437,3156,873,3010.2245368174667,0.0,1673.1242472220545,565.9331459193278,128.39109530780772,896.8402030024081,244.2624103825632,16732,23178,4683.348784039521,6518.775638651628,27.99037045206504,28.12484096406777,0.5378231715681325,51,48
静安区,310106022000,芷江西路街道,street,28000,2624,25,1544,838,185,1335,370,2458.20270769688,23.64072842927821,1449.414633994284,786.2132829716276,173.19986222368837,1252.377863078987,348.6994424749181,4193,6921,3931.2580701204415,6491.748520869664,93.75764536418896,93.79784020906898,0.5355933340941054,52,49
浦东新区,310115132000,周浦镇,town,48000,5465,4561,3595,726,160,1157,320,2137.936094811706,1763.92330546918,1399.8490316733798,288.4776650387646,62.721068192000864,455.0472906514207,133.86886934314293,13621,15984,5301.7084319542655,6241.823325179595,38.92304846893962,39.05044622860107,0.5149735783528842,53,50
浦东新区,310115012000,金杨新村街道,street,23750,2704,2257,1779,359,79,573,158,2108.51465021704,1730.1499166037977,1391.7621768864756,275.42122687434545,59.910355798638726,444.8759821887515,121.8870037559862,6740,7909,5230.426743707313,6132.521312325036,77.60277067815005,77.53851703533994,0.5059557568368827,54,51
长宁区,310105005000,周家桥街道,street,25426,2809,314,1133,542,119,865,239,2761.4139219807857,308.2461195069197,1115.241954412236,532.6246665507047,116.51835326982342,850.863407368451,235.3785470437849,4256,6021,4184.9019958999415,5920.286970132705,98.32946418937831,98.32730393842726,0.48844563632333693,55,52
黄浦区,310101018000,豫园街道,street,19681,1080,275,1248,707,156,1126,312,1080.0,275.0,1248.0,707.0,156.0,1126.0,312.0,2603,4904,2603.0,4904.0,100.0,100.0,0.4045981913738131,57,53
虹口区,310109011000,广中路街道,street,33773,1741,2497,1626,536,118,854,236,1011.0078867645648,1550.0782480543487,938.8722243481474,327.4370877488378,73.67567008165388,498.0704916406867,148.97225047881724,5864,7608,3499.9583591670607,4548.113859117057,59.68551089984756,59.780676381664776,0.3752362645923602,58,54
黄浦区,310101019000,老西门街道,street,16323,896,229,1035,586,129,934,258,896.0,229.0,1035.0,586.0,129.0,934.0,258.0,2160,4067,2160.0,4067.0,100.0,100.0,0.33554258652473445,59,55
杨浦区,310110012000,控江路街道,street,15491,2536,0,1723,204,45,325,90,1947.9048364154776,0.0,1316.8242462892904,156.363848639586,34.98304009834346,249.4536294560436,71.79120136831072,4259,4923,3264.729082704768,3777.320802267052,76.65482701819131,76.72802767148185,0.31164297814762026,60,56
长宁区,310105008000,仙霞新村街道,street,20827,2301,257,928,444,98,708,196,1679.893557724304,202.44720334445336,658.0911784460243,340.1268313372905,76.1535295459247,519.2015971483056,151.30036644518904,3486,4932,2540.4319395147813,3627.2142639914914,72.87527078355654,73.54449034857039,0.29925863192011704,61,57
虹口区,310109009000,欧阳路街道,street,21300,1098,1575,1026,338,74,539,149,827.6699878079032,1173.5201677310408,777.6164645908101,252.2795526166988,53.80131041368243,405.2507911767108,109.68312804705415,3699,4799,2778.8066201297543,3599.8214023839005,75.12318518869301,75.01190669689312,0.29699861922374987,63,58
静安区,310106017000,宝山路街道,street,21000,1968,19,1158,628,138,1002,277,1371.1780719961992,11.026653352268715,796.2217884286596,430.9511557921839,93.72983883369918,691.3686284576207,188.83354364691235,3145,5190,2178.426513777128,3583.309680507544,69.26634384029022,69.0425757323226,0.29563634091876595,64,59
长宁区,310105004000,新华路街道,street,52426,5792,649,2336,1118,246,1782,493,1281.5096641821,142.6991982088561,535.9105749533353,243.97669495379665,53.62355303019194,398.1854521874144,108.64660058459684,8777,12416,1960.119437344292,2764.5517381002915,22.332453427643745,22.26604170506034,0.22808577348994888,65,60
浦东新区,310115014000,浦兴路街道,street,16750,1907,1592,1254,253,56,404,112,783.1878564907654,687.3736757667226,510.5558784346925,107.42607797330108,23.04342743782637,168.87544726379463,48.01919761968781,4753,5578,1981.1174106921808,2328.481560986791,41.68140986097582,41.7440222478808,0.1921083662770246,67,61
浦东新区,310115120000,金桥镇,town,20000,2277,1900,1498,303,67,482,133,747.8872288075495,639.1825436059645,477.8926920656168,98.12937357826392,23.56963903559504,150.26656501568382,43.54254020811564,5675,6660,1864.9624644791304,2180.4705823167888,32.86277470447807,32.73979853328511,0.17989691149045223,68,62
普陀区,310107020000,宜川路街道,street,17000,1893,0,1070,351,77,559,155,978.7056790450832,0.0,544.9616256148171,188.62908515896729,42.48171921779168,291.12516123450774,81.68816648597777,2963,4105,1523.6673046599003,2127.5914367571445,51.42312874316235,51.82926764329218,0.1755341858267441,69,63
静安区,310106018000,共和新路街道,street,31000,2906,28,1709,927,205,1478,409,814.7569569127503,7.698497055198367,471.5186646531097,249.69971274165025,55.68495882524858,407.3476169817555,100.7000696511878,4643,7662,1293.9741186210583,2107.4064768209005,27.869354267091506,27.50465252963848,0.17386885175595349,70,64
浦东新区,310115137000,航头镇,town,39000,4440,3706,2921,590,130,940,260,680.9193434898036,497.099299237039,457.3544508816397,87.5037900044787,21.29834819753108,144.56521955005132,35.21047026653076,11067,12987,1635.3730936084823,1923.9509216270744,14.77702262228682,14.814436910965384,0.15873308792461158,71,65
浦东新区,310115015000,东明路街道,street,5750,655,546,431,87,19,139,38,560.3868836061793,458.8496376309442,370.248068320769,73.57612377355883,17.705221982366893,119.15224754711764,32.87090179119193,1632,1915,1389.4845895578924,1632.7890846521277,85.13998710526302,85.26313757974557,0.13471115631018651,72,66
长宁区,310105009000,虹桥街道,street,84297,9313,1043,3756,1798,396,2865,793,656.1938674869295,75.6138197699177,259.74853635900706,128.8820207081003,28.033650996532693,201.68771643970425,55.97279772657018,14112,19964,991.5562236158544,1406.1324094867618,7.026333784125952,7.043340059540983,0.11601113982676299,73,67
浦东新区,310115139000,祝桥镇,town,82000,9335,7792,6141,1241,273,1977,547,399.0650614604287,498.7685385732248,246.6921983113372,73.70003952000471,14.083546918252695,95.8983428409975,47.76034364820253,23268,27306,1144.5257983449906,1375.968071272448,4.918883437961967,5.039068597643185,0.11352247002955676,74,68
浦东新区,310115117000,曹路镇,town,44000,5009,4181,3295,666,146,1061,294,390.92273162269385,340.89622924862493,261.6582865152687,53.85318735040534,15.521639351031206,81.21697200730075,23.58516377980485,12485,14652,993.4772473865874,1167.6542098751293,7.95736681927583,7.969247951645708,0.09633580372461176,76,69
浦东新区,310115011000,沪东新村街道,street,13750,1565,1306,1030,208,46,332,92,351.7010399076859,304.657544461729,243.6383036170916,46.49847797882406,9.169441055425066,74.90643249815952,23.260324435844648,3901,4579,899.9968879865065,1053.83156395476,23.07092765922857,23.014447782370823,0.08694501321140553,77,70
浦东新区,310115110000,合庆镇,town,38000,4326,3611,2846,575,127,916,253,313.0221922826698,319.2369675286854,192.53847850140576,46.32403493699056,13.0,69.05485686056963,20.741635168900064,10783,12654,824.7976383127609,973.9181652792212,7.649055349279059,7.6965241447702,0.08035186138215238,78,71
普陀区,310107014000,长风新村街道,street,90000,10023,0,5664,1856,409,2959,818,326.42954949963905,0.0,184.9222953376238,60.217270253197306,13.605618663016706,98.57535055811366,24.38466926320963,15687,21729,511.3518448372629,708.1347535748001,3.259717248914788,3.2589385317999,0.05842374399374081,79,72
长宁区,310105102000,新泾镇,town,148418,16397,1836,6613,3165,698,5045,1395,319.1098715738429,39.0516087884754,128.52441259321483,65.81906855789953,13.822955319023064,96.05285743053943,30.255640938252263,24846,35149,486.6858929555331,692.6364152012474,1.9588098404392384,1.970572179012909,0.057145073586881354,80,73
浦东新区,310115133000,新场镇,town,26000,2960,2470,1947,393,87,627,174,205.81070274508065,127.14183828999016,143.6554142534324,28.20317894627295,5.0,41.91756744798785,9.998816795999849,7377,8658,476.6079552885032,561.7275184787638,6.460728687657628,6.487959326389049,0.046344604001102775,81,74
杨浦区,310110021000,长海路街道,street,40003,6549,0,4450,527,116,840,232,101.3874814487842,0.0,68.87174073677058,8.31016001159162,2.127800678107739,12.755724497775525,3.3851943710267385,10999,12714,170.2592221855548,196.8381017440564,1.547951833671741,1.5481996361810322,0.016239873564253632,83,75
杨浦区,310110001000,定海路街道,street,30849,5050,0,3432,406,90,648,179,89.16569719650072,0.0,62.26031343414692,10.16729550961241,0.0,11.42153299674339,4.9871691373288005,8482,9805,151.42601063064762,178.00200827433224,1.7852630350229617,1.8154207881114963,0.014685825980567157,84,76
长宁区,310105011000,北新泾街道,street,6332,700,78,282,135,30,215,60,73.81543296744688,8.882665015932556,30.332572377822864,15.483260464499358,3.8495886803834463,22.365925480431912,7.882665015932557,1060,1500,113.03067036120233,162.61211000244958,10.663270788792673,10.84080733349664,0.013416102284353719,85,77
普陀区,310107005000,曹杨新村街道,street,22000,2450,0,1385,454,100,723,200,43.52688027008508,0.0,24.30301143851181,9.147770813036171,2.830963921503101,12.159782720572087,4.01282873058598,3835,5312,67.82989170859689,95.98123789429422,1.7687064330794495,1.8068757133715023,0.007918808168403575,86,78
徐汇区,310104016000,龙华街道,street,59600,8679,0,5934,1137,250,1812,501,28.50229332677668,0.0,19.56782745009257,5.93446587668411,0.0,4.316680786704231,1.6177850899798796,14613,18313,48.070120776869246,59.93905253023747,0.3289544978913929,0.3273032956382758,0.004945194177486553,87,79
虹口区,310109010000,曲阳路街道,street,46159,2379,3413,2223,732,162,1167,323,15.987319628132,17.414945981971105,12.548793023514074,2.9039572246500587,0.7336323098912509,6.984668648820717,1.913633168312636,8015,10399,45.95105863361718,58.48694998529184,0.573313270537956,0.5624285987623024,0.004825390330958348,88,80
浦东新区,310115141000,宣桥镇,town,36000,4098,3421,2696,545,120,868,240,9.8338381387618,4.9169190693809,6.554188196341186,1.2267511463351386,0.0,1.637269126960285,0.4105179806251464,10215,11988,21.304945404483888,24.57948365840446,0.2085653000928427,0.205034064551255,0.0020278985793418924,89,81
浦东新区,310115121000,高行镇,town,35000,3985,3326,2621,529,117,844,233,0.1309946513001755,0.1309946513001755,0.0654973256500877,0.0,0.0,0.0654973256500877,0.0,9932,11655,0.3274866282504389,0.3929839539005267,0.0032972878398151,0.0033718056962722,3.2422633969633574e-05,90,82
徐汇区,310104010000,长桥街道,street,20700,3014,0,2061,395,87,629,174,0.0,0.0,0.0,0.0,0.0,0.0,0.0,5075,6360,0.0,0.0,0.0,0.0,0.0,91,83
徐汇区,310104011000,田林街道,street,75600,11008,0,7528,1442,318,2298,636,0.0,0.0,0.0,0.0,0.0,0.0,0.0,18536,23230,0.0,0.0,0.0,0.0,0.0,92,84
徐汇区,310104012000,虹梅路街道,street,262100,38166,0,26097,4999,1102,7968,2204,0.0,0.0,0.0,0.0,0.0,0.0,0.0,64263,80536,0.0,0.0,0.0,0.0,0.0,93,85
徐汇区,310104013000,康健新村街道,street,15900,2315,0,1583,303,67,483,134,0.0,0.0,0.0,0.0,0.0,0.0,0.0,3898,4885,0.0,0.0,0.0,0.0,0.0,94,86
徐汇区,310104015000,凌云路街道,street,12200,1777,0,1215,233,51,371,102,0.0,0.0,0.0,0.0,0.0,0.0,0.0,2992,3749,0.0,0.0,0.0,0.0,0.0,95,87
徐汇区,310104017000,漕河泾街道,street,88600,12901,0,8822,1690,373,2693,745,0.0,0.0,0.0,0.0,0.0,0.0,0.0,21723,27224,0.0,0.0,0.0,0.0,0.0,96,88
徐汇区,310104103000,华泾镇,town,10300,1500,0,1026,196,43,313,87,0.0,0.0,0.0,0.0,0.0,0.0,0.0,2526,3165,0.0,0.0,0.0,0.0,0.0,97,89
普陀区,310107016000,甘泉路街道,street,21000,2339,0,1321,433,96,690,191,0.0,0.0,0.0,0.0,0.0,0.0,0.0,3660,5070,0.0,0.0,0.0,0.0,0.0,98,90
普陀区,310107017000,石泉路街道,street,20000,2227,0,1259,412,91,658,182,0.0,0.0,0.0,0.0,0.0,0.0,0.0,3486,4829,0.0,0.0,0.0,0.0,0.0,99,91
普陀区,310107021000,真如镇街道,street,26000,2895,0,1636,537,118,855,236,0.0,0.0,0.0,0.0,0.0,0.0,0.0,4531,6277,0.0,0.0,0.0,0.0,0.0,100,92
普陀区,310107022000,万里街道,street,43000,4789,0,2706,887,195,1414,391,0.0,0.0,0.0,0.0,0.0,0.0,0.0,7495,10382,0.0,0.0,0.0,0.0,0.0,101,93
普陀区,310107102000,长征镇,town,112000,12473,0,7048,2310,509,3682,1019,0.0,0.0,0.0,0.0,0.0,0.0,0.0,19521,27041,0.0,0.0,0.0,0.0,0.0,102,94
普陀区,310107103000,桃浦镇,town,65000,7239,0,4090,1341,295,2137,591,0.0,0.0,0.0,0.0,0.0,0.0,0.0,11329,15693,0.0,0.0,0.0,0.0,0.0,103,95
杨浦区,310110013000,长白新村街道,street,11271,1845,0,1254,148,33,236,66,0.0,0.0,0.0,0.0,0.0,0.0,0.0,3099,3582,0.0,0.0,0.0,0.0,0.0,104,96
杨浦区,310110015000,延吉新村街道,street,13326,2182,0,1483,176,39,279,77,0.0,0.0,0.0,0.0,0.0,0.0,0.0,3665,4236,0.0,0.0,0.0,0.0,0.0,105,97
杨浦区,310110016000,殷行街道,street,16658,2727,0,1853,219,48,350,97,0.0,0.0,0.0,0.0,0.0,0.0,0.0,4580,5294,0.0,0.0,0.0,0.0,0.0,106,98
杨浦区,310110020000,新江湾城街道,street,55638,9108,0,6190,733,161,1168,323,0.0,0.0,0.0,0.0,0.0,0.0,0.0,15298,17683,0.0,0.0,0.0,0.0,0.0,107,99
浦东新区,310115104000,高桥镇,town,38000,4326,3611,2846,575,127,916,253,0.0,0.0,0.0,0.0,0.0,0.0,0.0,10783,12654,0.0,0.0,0.0,0.0,0.0,108,100
浦东新区,310115123000,高东镇,town,28000,3188,2660,2097,424,93,675,187,0.0,0.0,0.0,0.0,0.0,0.0,0.0,7945,9324,0.0,0.0,0.0,0.0,0.0,109,101
浦东新区,310115131000,惠南镇,town,68000,7741,6461,5092,1029,227,1640,454,0.0,0.0,0.0,0.0,0.0,0.0,0.0,19294,22644,0.0,0.0,0.0,0.0,0.0,110,102
浦东新区,310115134000,大团镇,town,10000,1139,950,749,151,33,241,67,0.0,0.0,0.0,0.0,0.0,0.0,0.0,2838,3330,0.0,0.0,0.0,0.0,0.0,111,103
浦东新区,310115140000,泥城镇,town,38000,4326,3611,2846,575,126,916,254,0.0,0.0,0.0,0.0,0.0,0.0,0.0,10783,12654,0.0,0.0,0.0,0.0,0.0,112,104
浦东新区,310115142000,书院镇,town,14000,1594,1330,1048,212,47,338,93,0.0,0.0,0.0,0.0,0.0,0.0,0.0,3972,4662,0.0,0.0,0.0,0.0,0.0,113,105
浦东新区,310115143000,万祥镇,town,17000,1935,1615,1273,257,57,410,114,0.0,0.0,0.0,0.0,0.0,0.0,0.0,4823,5661,0.0,0.0,0.0,0.0,0.0,114,106
浦东新区,310115144000,老港镇,town,14000,1594,1330,1048,212,47,338,93,0.0,0.0,0.0,0.0,0.0,0.0,0.0,3972,4662,0.0,0.0,0.0,0.0,0.0,115,107
浦东新区,310115145000,南汇新城镇,town,138000,15711,13112,10335,2088,460,3328,921,0.0,0.0,0.0,0.0,0.0,0.0,0.0,39158,45955,0.0,0.0,0.0,0.0,0.0,116,108
浦东新区,310115501000,中国（上海）自由贸易试验区（保税片区）,functional_zone,149000,16963,14158,11158,2254,497,3593,994,0.0,0.0,0.0,0.0,0.0,0.0,0.0,42279,49617,0.0,0.0,0.0,0.0,0.0,117,109
虹口区,310109016000,凉城新村街道,street,23538,1213,1740,1133,374,83,595,164,0.0,0.0,0.0,0.0,0.0,0.0,0.0,4086,5302,0.0,0.0,0.0,0.0,0.0,118,110
虹口区,310109019000,江湾镇街道,street,29170,1503,2157,1404,463,102,738,204,0.0,0.0,0.0,0.0,0.0,0.0,0.0,5064,6571,0.0,0.0,0.0,0.0,0.0,119,111
长宁区,310105010000,程家桥街道,street,101760,11242,1259,4534,2170,478,3459,957,0.0,0.0,0.0,0.0,0.0,0.0,0.0,17035,24099,0.0,0.0,0.0,0.0,0.0,120,112
静安区,310106019000,大宁路街道,street,115000,10779,105,6341,3440,758,5484,1517,0.0,0.0,0.0,0.0,0.0,0.0,0.0,17225,28424,0.0,0.0,0.0,0.0,0.0,121,113
静安区,310106020000,彭浦新村街道,street,17000,1594,15,937,509,112,811,224,0.0,0.0,0.0,0.0,0.0,0.0,0.0,2546,4202,0.0,0.0,0.0,0.0,0.0,122,114
静安区,310106021000,临汾路街道,street,5000,469,5,276,149,33,238,66,0.0,0.0,0.0,0.0,0.0,0.0,0.0,750,1236,0.0,0.0,0.0,0.0,0.0,123,115
静安区,310106100000,彭浦镇,town,112000,10498,102,6176,3351,738,5341,1477,0.0,0.0,0.0,0.0,0.0,0.0,0.0,16776,27683,0.0,0.0,0.0,0.0,0.0,124,116
闵行区,闵行区-district-fallback,闵行区 district total,district_fallback,1278262,108629,7802,112661,22293,4913,35533,9830,0.0,0.0,0.0,0.0,0.0,0.0,0.0,229092,301661,0.0,0.0,0.0,0.0,0.0,125,117
宝山区,outer-宝山区-01,友谊路街道,street,47795,2083,0,2248,1252,276,1996,552,0.0,0.0,0.0,0.0,0.0,0.0,0.0,4331,8407,0.0,0.0,0.0,0.0,0.0,126,118
宝山区,outer-宝山区-02,吴淞街道,street,34996,1526,0,1646,917,202,1461,404,0.0,0.0,0.0,0.0,0.0,0.0,0.0,3172,6156,0.0,0.0,0.0,0.0,0.0,127,119
宝山区,outer-宝山区-03,张庙街道,street,15598,680,0,734,409,90,651,180,0.0,0.0,0.0,0.0,0.0,0.0,0.0,1414,2744,0.0,0.0,0.0,0.0,0.0,128,120
宝山区,outer-宝山区-04,罗店镇,town,49495,2157,0,2328,1296,286,2067,572,0.0,0.0,0.0,0.0,0.0,0.0,0.0,4485,8706,0.0,0.0,0.0,0.0,0.0,129,121
宝山区,outer-宝山区-05,大场镇,town,83191,3626,0,3914,2179,480,3474,961,0.0,0.0,0.0,0.0,0.0,0.0,0.0,7540,14634,0.0,0.0,0.0,0.0,0.0,130,122
宝山区,outer-宝山区-06,杨行镇,town,150084,6541,0,7060,3931,867,6267,1734,0.0,0.0,0.0,0.0,0.0,0.0,0.0,13601,26400,0.0,0.0,0.0,0.0,0.0,131,123
宝山区,outer-宝山区-07,月浦镇,town,61694,2689,0,2902,1616,356,2576,713,0.0,0.0,0.0,0.0,0.0,0.0,0.0,5591,10852,0.0,0.0,0.0,0.0,0.0,132,124
宝山区,outer-宝山区-08,罗泾镇,town,19598,854,0,922,514,113,818,226,0.0,0.0,0.0,0.0,0.0,0.0,0.0,1776,3447,0.0,0.0,0.0,0.0,0.0,133,125
宝山区,outer-宝山区-09,顾村镇,town,78092,3404,0,3673,2046,451,3261,902,0.0,0.0,0.0,0.0,0.0,0.0,0.0,7077,13737,0.0,0.0,0.0,0.0,0.0,134,126
宝山区,outer-宝山区-10,高境镇,town,102189,4454,0,4807,2677,590,4267,1180,0.0,0.0,0.0,0.0,0.0,0.0,0.0,9261,17975,0.0,0.0,0.0,0.0,0.0,135,127
宝山区,outer-宝山区-11,庙行镇,town,28897,1260,0,1359,757,167,1206,334,0.0,0.0,0.0,0.0,0.0,0.0,0.0,2619,5083,0.0,0.0,0.0,0.0,0.0,136,128
宝山区,outer-宝山区-12,淞南镇,town,34197,1490,0,1609,896,197,1428,395,0.0,0.0,0.0,0.0,0.0,0.0,0.0,3099,6015,0.0,0.0,0.0,0.0,0.0,137,129
宝山区,outer-宝山区-13,宝山高新区,functional_zone,55394,2414,0,2606,1451,320,2313,640,0.0,0.0,0.0,0.0,0.0,0.0,0.0,5020,9744,0.0,0.0,0.0,0.0,0.0,138,130
嘉定区,outer-嘉定区-01,安亭镇,town,159151,5477,0,13499,2104,464,3353,927,0.0,0.0,0.0,0.0,0.0,0.0,0.0,18976,25824,0.0,0.0,0.0,0.0,0.0,139,131
嘉定区,outer-嘉定区-02,江桥镇,town,129743,4465,0,11005,1715,378,2733,756,0.0,0.0,0.0,0.0,0.0,0.0,0.0,15470,21052,0.0,0.0,0.0,0.0,0.0,140,132
嘉定区,outer-嘉定区-03,马陆镇,town,128878,4435,0,10932,1704,375,2715,751,0.0,0.0,0.0,0.0,0.0,0.0,0.0,15367,20912,0.0,0.0,0.0,0.0,0.0,141,133
嘉定区,outer-嘉定区-04,南翔镇,town,124553,4286,0,10565,1646,363,2624,726,0.0,0.0,0.0,0.0,0.0,0.0,0.0,14851,20210,0.0,0.0,0.0,0.0,0.0,142,134
嘉定区,outer-嘉定区-05,嘉定工业区,functional_zone,76981,2649,0,6530,1017,224,1622,449,0.0,0.0,0.0,0.0,0.0,0.0,0.0,9179,12491,0.0,0.0,0.0,0.0,0.0,143,135
嘉定区,outer-嘉定区-06,外冈镇,town,53627,1845,0,4549,709,156,1130,313,0.0,0.0,0.0,0.0,0.0,0.0,0.0,6394,8702,0.0,0.0,0.0,0.0,0.0,144,136
嘉定区,outer-嘉定区-07,徐行镇,town,49302,1696,0,4182,652,144,1039,287,0.0,0.0,0.0,0.0,0.0,0.0,0.0,5878,8000,0.0,0.0,0.0,0.0,0.0,145,137
嘉定区,outer-嘉定区-08,真新街道,street,45842,1578,0,3888,606,133,966,267,0.0,0.0,0.0,0.0,0.0,0.0,0.0,5466,7438,0.0,0.0,0.0,0.0,0.0,146,138
嘉定区,outer-嘉定区-09,菊园新区,town,36328,1250,0,3081,480,106,766,212,0.0,0.0,0.0,0.0,0.0,0.0,0.0,4331,5895,0.0,0.0,0.0,0.0,0.0,147,139
嘉定区,outer-嘉定区-10,华亭镇,town,20759,714,0,1761,274,61,437,121,0.0,0.0,0.0,0.0,0.0,0.0,0.0,2475,3368,0.0,0.0,0.0,0.0,0.0,148,140
嘉定区,outer-嘉定区-11,新成路街道,street,19894,685,0,1687,263,58,419,116,0.0,0.0,0.0,0.0,0.0,0.0,0.0,2372,3228,0.0,0.0,0.0,0.0,0.0,149,141
嘉定区,outer-嘉定区-12,嘉定镇街道,street,19029,655,0,1614,252,55,401,111,0.0,0.0,0.0,0.0,0.0,0.0,0.0,2269,3088,0.0,0.0,0.0,0.0,0.0,150,142
金山区,金山区-district-fallback,金山区 district total,district_fallback,393752,4499,2896,13077,3804,838,6063,1677,0.0,0.0,0.0,0.0,0.0,0.0,0.0,20472,32854,0.0,0.0,0.0,0.0,0.0,151,143
松江区,outer-松江区-01,岳阳街道,street,35808,924,142,1662,343,76,547,151,0.0,0.0,0.0,0.0,0.0,0.0,0.0,2728,3845,0.0,0.0,0.0,0.0,0.0,152,144
松江区,outer-松江区-02,永丰街道,street,33857,873,134,1572,325,72,517,143,0.0,0.0,0.0,0.0,0.0,0.0,0.0,2579,3636,0.0,0.0,0.0,0.0,0.0,153,145
松江区,outer-松江区-03,方松街道,street,35607,919,141,1653,341,75,544,151,0.0,0.0,0.0,0.0,0.0,0.0,0.0,2713,3824,0.0,0.0,0.0,0.0,0.0,154,146
松江区,outer-松江区-04,中山街道,street,82534,2129,328,3831,791,174,1261,349,0.0,0.0,0.0,0.0,0.0,0.0,0.0,6288,8863,0.0,0.0,0.0,0.0,0.0,155,147
松江区,outer-松江区-05,广富林街道,street,20170,520,80,936,194,43,308,85,0.0,0.0,0.0,0.0,0.0,0.0,0.0,1536,2166,0.0,0.0,0.0,0.0,0.0,156,148
松江区,outer-松江区-06,九里亭街道,street,15407,397,61,715,148,33,236,65,0.0,0.0,0.0,0.0,0.0,0.0,0.0,1173,1655,0.0,0.0,0.0,0.0,0.0,157,149
松江区,outer-松江区-07,泗泾镇,town,51348,1325,204,2383,492,108,785,217,0.0,0.0,0.0,0.0,0.0,0.0,0.0,3912,5514,0.0,0.0,0.0,0.0,0.0,158,150
松江区,outer-松江区-08,佘山镇,town,35298,911,140,1639,338,75,539,149,0.0,0.0,0.0,0.0,0.0,0.0,0.0,2690,3791,0.0,0.0,0.0,0.0,0.0,159,151
松江区,outer-松江区-09,车墩镇,town,62668,1617,249,2909,601,132,957,265,0.0,0.0,0.0,0.0,0.0,0.0,0.0,4775,6730,0.0,0.0,0.0,0.0,0.0,160,152
松江区,outer-松江区-10,新桥镇,town,91342,2356,363,4240,875,193,1396,386,0.0,0.0,0.0,0.0,0.0,0.0,0.0,6959,9809,0.0,0.0,0.0,0.0,0.0,161,153
松江区,outer-松江区-11,洞泾镇,town,39075,1008,155,1814,374,83,597,165,0.0,0.0,0.0,0.0,0.0,0.0,0.0,2977,4196,0.0,0.0,0.0,0.0,0.0,162,154
松江区,outer-松江区-12,九亭镇,town,84087,2169,334,3903,806,178,1285,355,0.0,0.0,0.0,0.0,0.0,0.0,0.0,6406,9030,0.0,0.0,0.0,0.0,0.0,163,155
松江区,outer-松江区-13,泖港镇,town,17633,455,70,819,169,37,269,75,0.0,0.0,0.0,0.0,0.0,0.0,0.0,1344,1894,0.0,0.0,0.0,0.0,0.0,164,156
松江区,outer-松江区-14,石湖荡镇,town,31171,804,124,1447,299,66,476,132,0.0,0.0,0.0,0.0,0.0,0.0,0.0,2375,3348,0.0,0.0,0.0,0.0,0.0,165,157
松江区,outer-松江区-15,新浜镇,town,12597,325,50,585,121,26,193,53,0.0,0.0,0.0,0.0,0.0,0.0,0.0,960,1353,0.0,0.0,0.0,0.0,0.0,166,158
松江区,outer-松江区-16,叶榭镇,town,21982,567,87,1020,211,46,336,93,0.0,0.0,0.0,0.0,0.0,0.0,0.0,1674,2360,0.0,0.0,0.0,0.0,0.0,167,159
松江区,outer-松江区-17,小昆山镇,town,29215,754,116,1356,280,62,446,123,0.0,0.0,0.0,0.0,0.0,0.0,0.0,2226,3137,0.0,0.0,0.0,0.0,0.0,168,160
松江区,outer-松江区-18,松江经济技术开发区,functional_zone,148013,3818,588,6871,1419,312,2261,626,0.0,0.0,0.0,0.0,0.0,0.0,0.0,11277,15895,0.0,0.0,0.0,0.0,0.0,169,161
青浦区,outer-青浦区-01,赵巷镇,town,24884,1782,0,1320,241,53,384,106,0.0,0.0,0.0,0.0,0.0,0.0,0.0,3102,3886,0.0,0.0,0.0,0.0,0.0,170,162
青浦区,outer-青浦区-02,徐泾镇,town,92417,6618,0,4902,895,197,1427,395,0.0,0.0,0.0,0.0,0.0,0.0,0.0,11520,14434,0.0,0.0,0.0,0.0,0.0,171,163
青浦区,outer-青浦区-03,华新镇,town,76670,5491,0,4066,743,164,1184,327,0.0,0.0,0.0,0.0,0.0,0.0,0.0,9557,11975,0.0,0.0,0.0,0.0,0.0,172,164
青浦区,outer-青浦区-04,重固镇,town,22117,1584,0,1173,214,47,342,94,0.0,0.0,0.0,0.0,0.0,0.0,0.0,2757,3454,0.0,0.0,0.0,0.0,0.0,173,165
青浦区,outer-青浦区-05,白鹤镇,town,19514,1398,0,1035,189,42,301,83,0.0,0.0,0.0,0.0,0.0,0.0,0.0,2433,3048,0.0,0.0,0.0,0.0,0.0,174,166
青浦区,outer-青浦区-06,朱家角镇,town,34734,2488,0,1842,336,74,536,149,0.0,0.0,0.0,0.0,0.0,0.0,0.0,4330,5425,0.0,0.0,0.0,0.0,0.0,175,167
青浦区,outer-青浦区-07,练塘镇,town,21255,1522,0,1127,206,46,328,91,0.0,0.0,0.0,0.0,0.0,0.0,0.0,2649,3320,0.0,0.0,0.0,0.0,0.0,176,168
青浦区,outer-青浦区-08,金泽镇,town,28099,2012,0,1491,272,60,434,120,0.0,0.0,0.0,0.0,0.0,0.0,0.0,3503,4389,0.0,0.0,0.0,0.0,0.0,177,169
青浦区,outer-青浦区-09,夏阳街道,street,46519,3332,0,2467,451,99,718,199,0.0,0.0,0.0,0.0,0.0,0.0,0.0,5799,7266,0.0,0.0,0.0,0.0,0.0,178,170
青浦区,outer-青浦区-10,盈浦街道,street,27515,1970,0,1459,267,59,425,118,0.0,0.0,0.0,0.0,0.0,0.0,0.0,3429,4298,0.0,0.0,0.0,0.0,0.0,179,171
青浦区,outer-青浦区-11,香花桥街道,street,151474,10848,0,8034,1467,323,2339,647,0.0,0.0,0.0,0.0,0.0,0.0,0.0,18882,23658,0.0,0.0,0.0,0.0,0.0,180,172
奉贤区,outer-奉贤区-01,南桥镇,town,108793,1260,34,5458,1238,273,1973,546,0.0,0.0,0.0,0.0,0.0,0.0,0.0,6752,10782,0.0,0.0,0.0,0.0,0.0,181,173
奉贤区,outer-奉贤区-02,奉城镇,town,47863,554,15,2401,545,120,868,240,0.0,0.0,0.0,0.0,0.0,0.0,0.0,2970,4743,0.0,0.0,0.0,0.0,0.0,182,174
奉贤区,outer-奉贤区-03,庄行镇,town,33026,382,10,1657,376,83,599,166,0.0,0.0,0.0,0.0,0.0,0.0,0.0,2049,3273,0.0,0.0,0.0,0.0,0.0,183,175
奉贤区,outer-奉贤区-04,金汇镇,town,54973,637,17,2758,625,138,997,276,0.0,0.0,0.0,0.0,0.0,0.0,0.0,3412,5448,0.0,0.0,0.0,0.0,0.0,184,176
奉贤区,outer-奉贤区-05,四团镇,town,32678,379,10,1640,372,82,592,164,0.0,0.0,0.0,0.0,0.0,0.0,0.0,2029,3239,0.0,0.0,0.0,0.0,0.0,185,177
奉贤区,outer-奉贤区-06,青村镇,town,48451,561,15,2431,551,121,879,243,0.0,0.0,0.0,0.0,0.0,0.0,0.0,3007,4801,0.0,0.0,0.0,0.0,0.0,186,178
奉贤区,outer-奉贤区-07,柘林镇,town,28160,326,9,1413,320,71,511,141,0.0,0.0,0.0,0.0,0.0,0.0,0.0,1748,2791,0.0,0.0,0.0,0.0,0.0,187,179
奉贤区,outer-奉贤区-08,海湾镇,town,8812,102,3,442,100,22,160,44,0.0,0.0,0.0,0.0,0.0,0.0,0.0,547,873,0.0,0.0,0.0,0.0,0.0,188,180
奉贤区,outer-奉贤区-09,西渡街道,street,27641,320,9,1387,314,69,501,139,0.0,0.0,0.0,0.0,0.0,0.0,0.0,1716,2739,0.0,0.0,0.0,0.0,0.0,189,181
奉贤区,outer-奉贤区-10,头桥街道,street,9039,105,3,453,103,23,164,45,0.0,0.0,0.0,0.0,0.0,0.0,0.0,561,896,0.0,0.0,0.0,0.0,0.0,190,182
奉贤区,outer-奉贤区-11,海湾旅游区,functional_zone,7087,82,2,356,80,18,128,36,0.0,0.0,0.0,0.0,0.0,0.0,0.0,440,702,0.0,0.0,0.0,0.0,0.0,191,183
奉贤区,outer-奉贤区-12,工业综合开发区,functional_zone,77502,898,24,3888,882,194,1405,389,0.0,0.0,0.0,0.0,0.0,0.0,0.0,4810,7680,0.0,0.0,0.0,0.0,0.0,192,184
奉贤区,outer-奉贤区-13,杭州湾开发区,functional_zone,30548,354,9,1533,348,76,554,153,0.0,0.0,0.0,0.0,0.0,0.0,0.0,1896,3027,0.0,0.0,0.0,0.0,0.0,193,185
奉贤区,outer-奉贤区-14,东方美谷集团,functional_zone,35719,414,11,1792,406,90,648,179,0.0,0.0,0.0,0.0,0.0,0.0,0.0,2217,3540,0.0,0.0,0.0,0.0,0.0,194,186
奉贤区,outer-奉贤区-15,临港奉贤分区,functional_zone,17017,197,5,854,194,43,308,85,0.0,0.0,0.0,0.0,0.0,0.0,0.0,1056,1686,0.0,0.0,0.0,0.0,0.0,195,187
奉贤区,outer-奉贤区-16,市化工区（奉贤）,functional_zone,11740,136,4,589,134,29,213,59,0.0,0.0,0.0,0.0,0.0,0.0,0.0,729,1164,0.0,0.0,0.0,0.0,0.0,196,188
崇明区,outer-崇明区-01,城桥镇,town,46830,284,0,1161,686,151,1094,303,0.0,0.0,0.0,0.0,0.0,0.0,0.0,1445,3679,0.0,0.0,0.0,0.0,0.0,197,189
崇明区,outer-崇明区-02,堡镇,town,10443,63,0,259,153,34,244,67,0.0,0.0,0.0,0.0,0.0,0.0,0.0,322,820,0.0,0.0,0.0,0.0,0.0,198,190
崇明区,outer-崇明区-03,新河镇,town,6444,39,0,160,94,21,150,42,0.0,0.0,0.0,0.0,0.0,0.0,0.0,199,506,0.0,0.0,0.0,0.0,0.0,199,191
崇明区,outer-崇明区-04,庙镇,town,4877,30,0,121,71,16,114,31,0.0,0.0,0.0,0.0,0.0,0.0,0.0,151,383,0.0,0.0,0.0,0.0,0.0,200,192
崇明区,outer-崇明区-05,竖新镇,town,5472,33,0,136,80,18,128,35,0.0,0.0,0.0,0.0,0.0,0.0,0.0,169,430,0.0,0.0,0.0,0.0,0.0,201,193
崇明区,outer-崇明区-06,向化镇,town,5672,35,0,141,83,18,132,37,0.0,0.0,0.0,0.0,0.0,0.0,0.0,176,446,0.0,0.0,0.0,0.0,0.0,202,194
崇明区,outer-崇明区-07,三星镇,town,2400,15,0,59,35,8,56,15,0.0,0.0,0.0,0.0,0.0,0.0,0.0,74,188,0.0,0.0,0.0,0.0,0.0,203,195
崇明区,outer-崇明区-08,港沿镇,town,4303,26,0,107,63,14,100,28,0.0,0.0,0.0,0.0,0.0,0.0,0.0,133,338,0.0,0.0,0.0,0.0,0.0,204,196
崇明区,outer-崇明区-09,中兴镇,town,3407,21,0,84,50,11,80,22,0.0,0.0,0.0,0.0,0.0,0.0,0.0,105,268,0.0,0.0,0.0,0.0,0.0,205,197
崇明区,outer-崇明区-10,陈家镇,town,12059,73,0,299,177,39,282,78,0.0,0.0,0.0,0.0,0.0,0.0,0.0,372,948,0.0,0.0,0.0,0.0,0.0,206,198
崇明区,outer-崇明区-11,绿华镇,town,1186,7,0,29,17,4,28,8,0.0,0.0,0.0,0.0,0.0,0.0,0.0,36,93,0.0,0.0,0.0,0.0,0.0,207,199
崇明区,outer-崇明区-12,港西镇,town,3135,19,0,78,46,10,73,20,0.0,0.0,0.0,0.0,0.0,0.0,0.0,97,246,0.0,0.0,0.0,0.0,0.0,208,200
崇明区,outer-崇明区-13,建设镇,town,4314,26,0,107,63,14,101,28,0.0,0.0,0.0,0.0,0.0,0.0,0.0,133,339,0.0,0.0,0.0,0.0,0.0,209,201
崇明区,outer-崇明区-14,新海镇,town,2033,12,0,50,30,7,48,13,0.0,0.0,0.0,0.0,0.0,0.0,0.0,62,160,0.0,0.0,0.0,0.0,0.0,210,202
崇明区,outer-崇明区-15,东平镇,town,2640,16,0,65,39,8,62,17,0.0,0.0,0.0,0.0,0.0,0.0,0.0,81,207,0.0,0.0,0.0,0.0,0.0,211,203
崇明区,outer-崇明区-16,长兴镇,town,32990,200,0,818,484,107,770,213,0.0,0.0,0.0,0.0,0.0,0.0,0.0,1018,2592,0.0,0.0,0.0,0.0,0.0,212,204
崇明区,outer-崇明区-17,新村乡,township,2968,18,0,74,44,9,69,19,0.0,0.0,0.0,0.0,0.0,0.0,0.0,92,233,0.0,0.0,0.0,0.0,0.0,213,205
崇明区,outer-崇明区-18,横沙乡,township,3003,18,0,74,44,10,70,20,0.0,0.0,0.0,0.0,0.0,0.0,0.0,92,236,0.0,0.0,0.0,0.0,0.0,214,206
崇明区,outer-崇明区-19,前卫农场,functional_zone,791,5,0,20,12,2,18,5,0.0,0.0,0.0,0.0,0.0,0.0,0.0,25,62,0.0,0.0,0.0,0.0,0.0,215,207
崇明区,outer-崇明区-20,东平林场,functional_zone,633,4,0,16,9,2,15,4,0.0,0.0,0.0,0.0,0.0,0.0,0.0,20,50,0.0,0.0,0.0,0.0,0.0,216,208
崇明区,outer-崇明区-21,上实现代农业园区,functional_zone,428,3,0,11,6,1,10,3,0.0,0.0,0.0,0.0,0.0,0.0,0.0,14,34,0.0,0.0,0.0,0.0,0.0,217,209
