accounting_stratum_id,district,control_name,control_type,official_control_employment,area_fraction_inside,uniform_jobs_inside,building_jobs_inside,ppml_jobs_inside,model_max_minus_min_jobs,model_difference_shanghai_percentage_points,partial_uncertainty_rank,uncertainty_priority_rank_within_14,feasibility_cost_rank_within_14,feasibility_cost,status,public_finer_census_breakdown_found,direct_inside_outside_employment_data_found,preferred_next_evidence,expected_usefulness
310115502000,浦东新区,金桥经济技术开发区,functional_zone,203000,0.4742339553558306,96269.49293723362,64690.403284928216,79079.6303911662,31579.089652305403,0.241065525470478,1.0,1,11,HIGH: negotiated workplace data plus census-zone membership/support resolution,STRONG INDEPENDENT PROXY AVAILABLE,False,False,2023 work-population grid plus an authoritative census-zone establishment roster/polygon,"Largest local spread; industrial/office building functions can test concentration, but only a zone-member roster or workplace grid can overcome the approximate census-zone support."
310109011000,虹口区,广中路街道,street,33773,0.1302123987107772,4397.6633416581135,28386.686910754444,9886.41610218185,23989.02356909633,0.183125183020775,2.0,2,4,LOW-MEDIUM: compact ordinary control and a large existing model disagreement,STRONG INDEPENDENT PROXY AVAILABLE,False,False,"CMAB building function/volume pilot, validated with work-population grid or insured establishments",Second-largest spread and the largest ordinary-control disagreement; building-level function can directly test whether JRC concentrates too much employment inside the small reached segment.
310115130000,浦东新区,三林镇,town,96000,0.1729278913029438,16601.077565081996,35715.87739033899,23350.623005726266,19114.799825256992,0.145916785913497,3.0,3,13,HIGH: mixed town; a workplace-population grid or insured-establishment census is needed,ONLY EXISTING JRC/POI-TYPE PROXIES AVAILABLE,False,False,2023 work-population grid; enterprise insured counts only as a secondary check,"Mixed residential, logistics, commercial, and institutional land use makes generic building/POI weights weak; repeated work-population observations are the useful discriminator."
310115503000,浦东新区,张江高科技园区,functional_zone,469000,0.9585488135200044,449559.3935408821,467789.9197657972,461775.57150815486,18230.526224915116,0.1391665001239722,4.0,4,12,HIGH: negotiated workplace data plus census-zone membership/support resolution,STRONG INDEPENDENT PROXY AVAILABLE,False,False,2023 work-population grid plus an authoritative census-zone establishment roster/polygon,"Large workforce and boundary uncertainty; R&D/industrial building functions help, but the support is already 95.85% inside and planning-area statistics do not identify the census stratum."
310104014000,徐汇区,徐家汇街道,street,216300,0.3543592524646977,76647.90630811235,89511.80695358531,92205.9435282855,15558.037220173152,0.1187655014461917,5.0,5,1,LOW-MEDIUM: compact ordinary control; open building data plus multiple metro anchors,STRONG INDEPENDENT PROXY AVAILABLE,False,False,CMAB plus 2023 work-population grid; metro exits as validation only,Dense office/retail/education nodes and multiple stations make building-level function and mobile work population highly discriminating across the reach boundary.
310106015000,静安区,天目西路街道,street,161000,0.7724532320332728,124364.97035736233,137627.09116759687,133799.72863070754,13262.120810234555,0.101239147713644,6.0,6,2,LOW-MEDIUM: compact ordinary control; open building data plus rail/metro anchors,STRONG INDEPENDENT PROXY AVAILABLE,False,False,CMAB plus 2023 work-population grid; rail/metro exits as validation only,"Rail-station, office, hotel, and wholesale clusters are spatially concentrated; building-level function and work population can distinguish the reached southern/eastern portion."
310115132000,浦东新区,周浦镇,town,48000,0.1988133768256866,9543.04208763294,21712.5623393146,11859.78051756424,12169.52025168166,0.0928985549138872,7.0,7,14,HIGH: mixed town; a workplace-population grid or insured-establishment census is needed,ONLY EXISTING JRC/POI-TYPE PROXIES AVAILABLE,False,False,2023 work-population grid; enterprise insured counts only as a secondary check,Mixed town with new development and industrial/medical anchors; public building classes alone are unlikely to map workplace intensity reliably.
310110019000,杨浦区,五角场街道,street,105944,0.2646377431397277,28036.781059195568,16371.947652565432,22111.686493872305,11664.833406630136,0.0890459232883425,8.0,8,3,LOW-MEDIUM: compact ordinary control; official commercial/innovation anchors plus metro,STRONG INDEPENDENT PROXY AVAILABLE,False,False,CMAB plus 2023 work-population grid; metro and official anchors as validation,"University, office, retail, and innovation clusters are identifiable at building level; mobile work population would separate them from surrounding residential blocks."
310105008000,长宁区,仙霞新村街道,street,20827,0.2610153411658627,5436.166510461033,16138.928158227694,8444.509023936263,10702.761647766662,0.0817017491324609,9.0,9,7,MEDIUM: office/residential mixture; mobile work population materially preferable,ONLY EXISTING JRC/POI-TYPE PROXIES AVAILABLE,False,False,2023 work-population grid or geocoded insured-establishment counts,Office corridors coexist with large residential compounds; mobile work population or insured-establishment points are needed to avoid treating floor area as workplace intensity.
310106017000,静安区,宝山路街道,street,21000,0.8691248323886052,18251.62148016028,10776.752766707648,16427.216275001087,7474.868713452632,0.057060959453584,10.0,10,6,MEDIUM: mixed land use; building and station proxies are indirect,ONLY EXISTING JRC/POI-TYPE PROXIES AVAILABLE,False,False,2023 work-population grid or geocoded insured-establishment counts,"Small mixed inner-city control; fine building data can test morphology, but workplace counts remain indirect."
310115005000,浦东新区,陆家嘴街道,street,200750,0.9728309226189978,195295.8077157633,200749.8537010012,199408.9491255856,5454.045985237841,0.0416345903522752,21.0,11,5,"LOW-MEDIUM: strong official office-stock validation, but almost fully inside",STRONG INDEPENDENT PROXY AVAILABLE,False,False,official office-stock/occupancy plus work-population grid; low marginal value,"Official office stock and occupancy strongly validate the employment-center signal, but 97.28% of the support is already inside so numerator leverage is limited."
310105102000,长宁区,新泾镇,town,148418,0.0334398544623864,4963.076319598144,2431.192838998874,3966.100582358622,2531.8834805992706,0.0193276572694402,38.0,12,8,MEDIUM: mixed town and only 3.34% of support inside,ONLY EXISTING JRC/POI-TYPE PROXIES AVAILABLE,False,False,work-population grid only if purchased as part of a broader package,"Only 3.34% of a mixed town is inside; mobile work population could verify the small reached edge, but the maximum three-model leverage is only 0.0193 Shanghai points."
310101013000,黄浦区,外滩街道,street,113352,0.992991179836689,112557.53621684822,113352.0,113073.0590198392,794.4637831517903,0.0060647039373653,55.0,13,9,LOW acquisition cost but negligible benefit because 99.30% of support is inside,NO PRACTICAL IMPROVEMENT AVAILABLE,False,False,no acquisition recommended; official total is already effectively inside,Only 0.70% of the support is outside and the three-model spread is 0.0061 Shanghai points; additional data cannot practically improve the headline range.
310109018000,虹口区,北外滩街道,street,133468,0.997421351557735,133123.83294970647,133468.0,133365.6862061556,344.16705029353034,0.0026272705053287,61.0,14,10,LOW acquisition cost but negligible benefit because 99.74% of support is inside,NO PRACTICAL IMPROVEMENT AVAILABLE,False,False,no acquisition recommended; official total is already effectively inside,Only 0.26% of the support is outside and the three-model spread is 0.0026 Shanghai points; additional data cannot practically improve the headline range.
