portfolio_size,selected_by,controls,scenario,selected_control_additive_spread_percentage_points,shrink_fraction_assumption,baseline_aggregate_model_range_percentage_points,remaining_aggregate_model_range_percentage_points,aggregate_range_reduction_percentage_points,assumption_note
5,current control-level max-minus-min spread rank,金桥经济技术开发区 | 广中路街道 | 三林镇 | 张江高科技园区 | 徐家汇街道,open_building_and_validation,0.8280394959749138,0.3,0.9245913340283058,0.826988675484943,0.09760265854336281,Selected-control model deviations shrink 30% toward their three-model mean; represents CMAB plus official/metro validation without workplace counts.
5,current control-level max-minus-min spread rank,金桥经济技术开发区 | 广中路街道 | 三林镇 | 张江高科技园区 | 徐家汇街道,contracted_mobile_or_insured_establishments,0.8280394959749138,0.7,0.9245913340283058,0.6968517974271187,0.22773953660118718,Selected-control model deviations shrink 70% toward their three-model mean; represents a well-documented workplace grid or insured-establishment census that still differs from the legal-entity universe.
5,current control-level max-minus-min spread rank,金桥经济技术开发区 | 广中路街道 | 三林镇 | 张江高科技园区 | 徐家汇街道,oracle_perfect_inside_outside_share,0.8280394959749138,1.0,0.9245913340283058,0.5992491388837559,0.32534219514455,"Selected controls have a perfectly known inside/outside share; this is a mathematical ceiling, not a forecast."
10,current control-level max-minus-min spread rank,金桥经济技术开发区 | 广中路街道 | 三林镇 | 张江高科技园区 | 徐家汇街道 | 天目西路街道 | 周浦镇 | 五角场街道 | 仙霞新村街道 | 宝山路街道,open_building_and_validation,1.2499858304768325,0.3,0.9245913340283058,0.7880689047795257,0.1365224292487801,Selected-control model deviations shrink 30% toward their three-model mean; represents CMAB plus official/metro validation without workplace counts.
10,current control-level max-minus-min spread rank,金桥经济技术开发区 | 广中路街道 | 三林镇 | 张江高科技园区 | 徐家汇街道 | 天目西路街道 | 周浦镇 | 五角场街道 | 仙霞新村街道 | 宝山路街道,contracted_mobile_or_insured_establishments,1.2499858304768325,0.7,0.9245913340283058,0.6060389991144747,0.31855233491383117,Selected-control model deviations shrink 70% toward their three-model mean; represents a well-documented workplace grid or insured-establishment census that still differs from the legal-entity universe.
10,current control-level max-minus-min spread rank,金桥经济技术开发区 | 广中路街道 | 三林镇 | 张江高科技园区 | 徐家汇街道 | 天目西路街道 | 周浦镇 | 五角场街道 | 仙霞新村街道 | 宝山路街道,oracle_perfect_inside_outside_share,1.2499858304768325,1.0,0.9245913340283058,0.4695165698656873,0.45507476416261855,"Selected controls have a perfectly known inside/outside share; this is a mathematical ceiling, not a forecast."
20,current control-level max-minus-min spread rank,金桥经济技术开发区 | 广中路街道 | 三林镇 | 张江高科技园区 | 徐家汇街道 | 天目西路街道 | 周浦镇 | 五角场街道 | 仙霞新村街道 | 宝山路街道 | 共和新路街道 | 四平路街道 | 宜川路街道 | 上钢新村街道 | 斜土路街道 | 北蔡镇 | 天山路街道 | 大桥街道 | 张江镇 | 五里桥街道,open_building_and_validation,1.746665177803747,0.3,0.9245913340283058,0.704439350206385,0.2201519838219208,Selected-control model deviations shrink 30% toward their three-model mean; represents CMAB plus official/metro validation without workplace counts.
20,current control-level max-minus-min spread rank,金桥经济技术开发区 | 广中路街道 | 三林镇 | 张江高科技园区 | 徐家汇街道 | 天目西路街道 | 周浦镇 | 五角场街道 | 仙霞新村街道 | 宝山路街道 | 共和新路街道 | 四平路街道 | 宜川路街道 | 上钢新村街道 | 斜土路街道 | 北蔡镇 | 天山路街道 | 大桥街道 | 张江镇 | 五里桥街道,contracted_mobile_or_insured_establishments,1.746665177803747,0.7,0.9245913340283058,0.41090337177715514,0.5136879622511508,Selected-control model deviations shrink 70% toward their three-model mean; represents a well-documented workplace grid or insured-establishment census that still differs from the legal-entity universe.
20,current control-level max-minus-min spread rank,金桥经济技术开发区 | 广中路街道 | 三林镇 | 张江高科技园区 | 徐家汇街道 | 天目西路街道 | 周浦镇 | 五角场街道 | 仙霞新村街道 | 宝山路街道 | 共和新路街道 | 四平路街道 | 宜川路街道 | 上钢新村街道 | 斜土路街道 | 北蔡镇 | 天山路街道 | 大桥街道 | 张江镇 | 五里桥街道,oracle_perfect_inside_outside_share,1.746665177803747,1.0,0.9245913340283058,0.1907513879552308,0.733839946073075,"Selected controls have a perfectly known inside/outside share; this is a mathematical ceiling, not a forecast."
