district,accounting_stratum_id,control_name,control_type,district_direct_core,revised_core,district_direct_core_plus_base,revised_core_plus_base,core_shift_from_district_direct,core_plus_base_shift_from_district_direct,synthetic_control_core_plus_base_employment
徐汇区,310104003000,天平路街道,street,12523.181311521963,14974.52598761812,15355.220564899802,18461.333089482363,2451.344676096158,3106.1125245825606,17760
徐汇区,310104004000,湖南路街道,street,10485.904214363978,13160.82752931693,13001.113712373897,16219.468507968551,2674.923314952952,3218.354795594654,14964
徐汇区,310104007000,斜土路街道,street,13294.93370231196,8933.481237502569,16426.888927667274,10858.882361912798,-4361.452464809392,-5568.0065657544765,9157
徐汇区,310104008000,枫林路街道,street,9557.592551130414,14542.485070922723,11691.92215690891,17990.81439247748,4984.892519792309,6298.892235568572,17453
徐汇区,310104010000,长桥街道,street,11910.541534479393,5896.061675536261,14337.830745849127,7165.293816957661,-6014.479858943132,-7172.536928891466,6360
徐汇区,310104011000,田林街道,street,36576.49150992958,22796.37433196535,45224.19219687914,27638.822809883004,-13780.117177964232,-17585.36938699614,23230
徐汇区,310104012000,虹梅路街道,street,53427.34523778191,69723.27067341217,65961.36244507499,85989.26894647686,16295.925435630263,20027.90650140187,80536
徐汇区,310104013000,康健新村街道,street,2736.888288496954,3879.3448139141346,3294.9679992573633,4789.906737742942,1142.4565254171807,1494.9387384855786,4885
徐汇区,310104014000,徐家汇街道,street,31406.952545048334,55884.622224281695,38713.25982599091,69239.42209396145,24477.66967923336,30526.16226797054,66463
徐汇区,310104015000,凌云路街道,street,10540.28751926554,3734.7186075082705,12666.509335780302,4502.230839326765,-6805.568911757269,-8164.278496453537,3749
徐汇区,310104016000,龙华街道,street,22305.70852461582,16897.862855751282,27394.517968043794,20645.373266158822,-5407.845668864538,-6749.144701884972,18313
徐汇区,310104017000,漕河泾街道,street,28527.753745096088,24588.200986549222,35149.87580834693,30119.955007426954,-3939.5527585468662,-5029.920800919976,27224
徐汇区,310104103000,华泾镇,town,15529.419315958063,3811.224005721266,18861.33831292755,4458.228130224346,-11718.195310236797,-14403.110182703203,3165
普陀区,310107005000,曹杨新村街道,street,2063.7878960541343,3994.8396564255845,2727.563519335207,5433.464386585632,1931.0517603714502,2705.9008672504256,5312
普陀区,310107014000,长风新村街道,street,13649.159522104173,17069.196866447903,18202.649623919504,23072.318659177745,3420.0373443437293,4869.669035258241,21729
普陀区,310107015000,长寿路街道,street,9225.990273340863,17843.508325206752,12536.56482662498,24267.44576724138,8617.518051865889,11730.880940616402,23178
普陀区,310107016000,甘泉路街道,street,1386.5961566702308,3530.844634797013,1804.4470647626633,4838.0644988127315,2144.248478126782,3033.6174340500684,5070
普陀区,310107017000,石泉路街道,street,10304.273114382497,4881.141276675528,13845.525120992334,6297.174602598044,-5423.131837706968,-7548.35051839429,4829
普陀区,310107020000,宜川路街道,street,959.9032605384582,3222.8714314361446,1266.4121282498163,4429.304651676834,2262.9681708976864,3162.8925234270173,4105
普陀区,310107021000,真如镇街道,street,15594.97760076922,6435.950179726431,20915.671026335353,8213.13666469861,-9159.027421042789,-12702.534361636743,6277
普陀区,310107022000,万里街道,street,1478.8047779830824,6371.186055503422,1974.7689614517496,8848.133944808855,4892.38127752034,6873.364983357105,10382
普陀区,310107102000,长征镇,town,27275.186317813346,22964.584949952565,36768.70179972624,30545.23072014388,-4310.6013678607815,-6223.471079582356,27041
普陀区,310107103000,桃浦镇,town,18967.321080343994,14591.876623828657,25240.695928602156,19338.726104256286,-4375.444456515337,-5901.96982434587,15693
杨浦区,310110001000,定海路街道,street,15388.512248815328,9374.670913549093,17690.700185721347,10674.30702512498,-6013.841335266236,-7016.393160596368,9805
杨浦区,310110006000,平凉路街道,street,10286.224229103735,14668.61407839594,11935.576864241611,16828.603834522568,4382.389849292205,4893.026970280956,15776
杨浦区,310110008000,江浦路街道,street,4892.433255092211,12275.040538634945,5601.579295935457,14141.203828231639,7382.607283542734,8539.624532296182,14106
杨浦区,310110009000,四平路街道,street,12655.263739554368,13143.677444021936,14310.246194603997,15106.882015049907,488.4137044675681,796.6358204459102,14461
杨浦区,310110012000,控江路街道,street,2335.6382435787154,4311.641365388235,2649.145260191265,4960.378203109408,1976.0031218095191,2311.2329429181427,4923
杨浦区,310110013000,长白新村街道,street,13574.667940286565,4147.847260720819,15521.039107312414,4678.7872085109175,-9426.820679565746,-10842.251898801496,3582
杨浦区,310110015000,延吉新村街道,street,1609.5106947833376,3620.569606331528,1856.3609384711162,4171.065002962599,2011.0589115481905,2314.7040644914823,4236
杨浦区,310110016000,殷行街道,street,12056.984011773351,5312.060153092498,13730.817912079456,6031.256351546257,-6744.923858680853,-7699.561560533199,5294
杨浦区,310110018000,大桥街道,street,11401.200636380416,20776.61270583013,13217.54775306023,23877.070978599855,9375.412069449716,10659.523225539626,22985
杨浦区,310110019000,五角场街道,street,24149.101679268442,30470.675785674786,27651.36411094939,34986.637584534656,6321.574106406344,7335.273473585265,33671
杨浦区,310110020000,新江湾城街道,street,12687.803074218009,16158.154385697795,14617.100737584486,18540.26190449526,3470.351311479786,3923.1611669107733,17683
杨浦区,310110021000,长海路街道,street,25947.660247145523,12725.435762662293,29680.52163984923,14465.546063311956,-13222.22448448323,-15214.975576537274,12714
浦东新区,310115004000,潍坊新村街道,street,15204.798361745565,44639.32152053889,17967.20162562026,52471.849540822426,29434.523158793327,34504.647915202164,51199
浦东新区,310115005000,陆家嘴街道,street,41239.655885571825,61036.82578565048,48716.318652728245,71811.4984535197,19797.169900078654,23095.179800791455,66850
浦东新区,310115007000,周家渡街道,street,9457.350814490394,8038.640959612518,11138.33571766972,9451.47696530988,-1418.7098548778758,-1686.8587523598417,8242
浦东新区,310115008000,塘桥街道,street,6443.565947644267,15776.221480899101,7625.461612349537,18528.837830724522,9332.655533254834,10903.376218374986,18232
浦东新区,310115009000,上钢新村街道,street,14990.33028352877,8756.277253204884,17676.69490083743,10348.727969076228,-6234.053030323887,-7327.966931761201,8575
浦东新区,310115010000,南码头路街道,street,5858.454433070851,12150.626088213174,6866.884472206669,14254.189002000387,6292.171655142322,7387.304529793718,13903
浦东新区,310115011000,沪东新村街道,street,7637.650629930202,4601.266966395695,8979.194651450425,5409.695172230443,-3036.383663534507,-3569.4994792199823,4579
浦东新区,310115012000,金杨新村街道,street,2966.869996664798,6994.024377039966,3483.7502261535133,8192.903978164131,4027.154380375168,4709.153752010618,7909
浦东新区,310115013000,洋泾街道,street,14732.881660837154,16210.846061446118,17308.278505897273,19053.764137759204,1477.9644006089638,1745.4856318619313,17233
浦东新区,310115014000,浦兴路街道,street,5507.304220790458,5208.87648302887,6491.457147238088,6114.9682515144805,-298.4277377615881,-376.48889572360713,5578
浦东新区,310115015000,东明路街道,street,8328.2263886871,2428.05846323913,9790.156840675354,2867.3484978534966,-5900.16792544797,-6922.808342821858,1915
浦东新区,310115016000,花木街道,street,30851.218068093884,26389.84829975666,36329.4613135921,31042.091197169004,-4461.369768337223,-5287.370116423099,27223
浦东新区,310115103000,川沙新镇,town,23809.291724920335,28125.739208254003,27894.88029350954,32907.49484356871,4316.447483333668,5012.61455005917,29637
浦东新区,310115104000,高桥镇,town,56947.67180856848,23932.772862470752,67006.37390988943,28104.741994334923,-33014.898946097725,-38901.631915554506,12654
浦东新区,310115105000,北蔡镇,town,25640.252296954903,24420.3417844621,30178.098467007643,28594.38172401138,-1219.9105124928028,-1583.7167429962647,19980
浦东新区,310115110000,合庆镇,town,24598.742357578856,13992.533904013328,28802.401986971134,16341.565850024674,-10606.208453565529,-12460.83613694646,12654
浦东新区,310115114000,唐镇,town,20418.921155214175,17002.05562722357,23973.766749315753,19949.711477219196,-3416.865527990605,-4024.055272096557,14319
浦东新区,310115117000,曹路镇,town,29052.666236752455,22072.996418716502,34003.172127424776,25855.66949960904,-6979.669818035953,-8147.502627815735,14652
浦东新区,310115120000,金桥镇,town,62190.747941693466,59513.39687533113,73043.17886525225,70039.33520163855,-2677.3510663623383,-3003.843663613705,6660
浦东新区,310115121000,高行镇,town,17982.58145315858,12440.998534387449,21082.387249806005,14565.49176345399,-5541.58291877113,-6516.895486352014,11655
浦东新区,310115123000,高东镇,town,53123.53374687685,33926.154423692984,62487.62195177099,39963.673398648,-19197.379323183864,-22523.948553122988,9324
浦东新区,310115125000,张江镇,town,86254.67847658673,140154.14853174862,101371.02379107189,164768.89226128935,53899.47005516189,63397.868470217465,6993
浦东新区,310115130000,三林镇,town,16273.429768263142,28473.540182543842,19134.882915863695,33362.81047597125,12200.1104142807,14227.927560107557,31968
浦东新区,310115131000,惠南镇,town,20285.529282394305,21102.764115583046,23836.37409527147,24699.488139343746,817.2348331887406,863.1140440722775,22644
浦东新区,310115132000,周浦镇,town,20072.79492834766,15330.32940978675,23574.577548198893,18010.396100269092,-4742.46551856091,-5564.181447929801,15984
浦东新区,310115133000,新场镇,town,6818.102529643547,7966.234912592676,7905.197002000901,9289.085858574095,1148.1323829491284,1383.888856573194,8658
浦东新区,310115134000,大团镇,town,3145.828794167865,3096.318404311965,3633.401324981022,3617.322084961378,-49.51038985590003,-16.07924001964375,3330
浦东新区,310115136000,康桥镇,town,38427.55839089595,19842.10824005075,45045.483986918014,23284.012188672386,-18585.4501508452,-21761.471798245628,18981
浦东新区,310115137000,航头镇,town,18000.213333558422,12695.911783297413,21026.293918780655,14813.883139188003,-5304.301550261009,-6212.410779592652,12987
浦东新区,310115139000,祝桥镇,town,37832.49636481069,32024.158519621633,44093.386829265306,37447.21153428562,-5808.33784518906,-6646.175294979686,27306
浦东新区,310115140000,泥城镇,town,20228.247868837276,12688.248127666484,23623.051532575282,14812.966903729892,-7539.999741170792,-8810.08462884539,12654
浦东新区,310115141000,宣桥镇,town,9269.250484125178,11050.82467990919,10849.720841494458,12905.393392057067,1781.5741957840128,2055.672550562609,11988
浦东新区,310115142000,书院镇,town,6356.869042431636,4511.264784130698,7371.53708228859,5254.079937820741,-1845.6042583009385,-2117.4571444678486,4662
浦东新区,310115143000,万祥镇,town,1182.3220001823981,4872.610489956681,1372.7247468783657,5705.275862334265,3690.2884897742824,4332.551115455899,5661
浦东新区,310115144000,老港镇,town,2970.2361275446588,4182.656851043574,3421.0364932966304,4884.203214940467,1212.4207234989149,1463.1667216438364,4662
浦东新区,310115145000,南汇新城镇,town,52869.72719543716,51321.05759017936,61663.230623748685,60042.56215791029,-1548.6696052577972,-1620.6684658383965,45955
虹口区,310109009000,欧阳路街道,street,3519.266154728677,4150.970452824705,4551.571297360322,5372.1072247243155,631.7042980960277,820.5359273639933,4799
虹口区,310109010000,曲阳路街道,street,15388.960761978411,9229.17367359311,19952.955325963787,11982.685224985453,-6159.787088385301,-7970.270100978334,10399
虹口区,310109011000,广中路街道,street,4345.302210218361,5790.500011843326,5624.748202137197,7506.466532494752,1445.197801624965,1881.7183303575548,7608
虹口区,310109014000,嘉兴路街道,street,7409.601762503335,7642.538269873634,9610.654669590376,9922.106068103363,232.9365073702993,311.451398512987,9108
虹口区,310109016000,凉城新村街道,street,3816.599468549511,4283.784032728166,4931.700974658106,5551.532204058306,467.18456417865445,619.8312294001998,5302
虹口区,310109017000,四川北路街道,street,5235.103042167174,9374.047092514225,6816.622670358413,12151.864074554656,4138.944050347051,5335.241404196243,11713
虹口区,310109018000,北外滩街道,street,21676.672163778327,24755.91652518823,28202.663770226325,32137.510661532986,3079.244361409903,3934.846891306661,30067
虹口区,310109019000,江湾镇街道,street,9685.494436076206,5850.069941434605,12534.083089705473,7600.728009546169,-3835.4244946416,-4933.355080159304,6571
长宁区,310105001000,华阳路街道,street,3422.041069002421,7780.288133946631,4844.254492341558,10960.767153003333,4358.24706494421,6116.512660661775,11587
长宁区,310105002000,江苏路街道,street,5064.546578787196,6897.313773313747,7058.915126698004,9631.95508818091,1832.767194526551,2573.0399614829057,8954
长宁区,310105004000,新华路街道,street,5810.35781329671,8992.162564709086,8094.520861699326,12607.728968814228,3181.8047514123755,4513.208107114902,12416
长宁区,310105005000,周家桥街道,street,3293.566398441375,4528.662725867403,4635.546718103084,6337.485425302534,1235.0963274260284,1701.9387071994506,6021
长宁区,310105006000,天山路街道,street,15514.662182924194,12756.871807418995,21455.965860511904,17747.559293613143,-2757.7903755051993,-3708.4065668987605,16757
长宁区,310105008000,仙霞新村街道,street,2486.5532210090555,3368.923605741253,3449.530010780662,4706.178962492761,882.3703847321976,1256.6489517120986,4932
长宁区,310105009000,虹桥街道,street,16440.08101971947,15008.181650371065,22959.27919759565,20901.98798294037,-1431.8993693484044,-2057.291214655281,19964
长宁区,310105010000,程家桥街道,street,3866.1040061494346,16640.59592528729,5321.023368254392,23463.820930518104,12774.491919137854,18142.797562263713,24099
长宁区,310105011000,北新泾街道,street,7834.075374740606,1562.687126816996,10947.362159273913,2039.7636770402955,-6271.38824792361,-8907.598482233618,1500
长宁区,310105102000,新泾镇,town,41379.01233592954,27575.312686527537,57786.60220474151,38155.75251809433,-13803.699649402002,-19630.849686647183,35149
静安区,310106006000,江宁路街道,street,14633.238450962937,9920.584583948421,21379.40113796381,13487.267483725815,-4712.653867014516,-7892.133654237996,8651
静安区,310106011000,石门二路街道,street,3000.6788655760956,7486.003203980848,4395.955855985891,11747.215075876029,4485.324338404753,7351.259219890138,11617
静安区,310106012000,南京西路街道,street,15310.08415550911,27597.32270716597,22500.157337904577,42425.62584791779,12287.238551656861,19925.468510013216,37569
静安区,310106013000,静安寺街道,street,15844.431244244268,16941.23686056449,23181.81994716136,24944.32689823828,1096.8056163202236,1762.5069510769208,19773
静安区,310106014000,曹家渡街道,street,6961.4243937887595,9137.737853760045,10184.433352021646,13732.409517517839,2176.3134599712857,3547.976165496193,11864
静安区,310106015000,天目西路街道,street,23891.320156244157,31429.974453610153,34941.57473024022,47292.74329787645,7538.654297365996,12351.168567636225,39794
静安区,310106016000,北站街道,street,22493.41773415358,16781.71764366791,32848.053540779336,23385.504261540817,-5711.700090485669,-9462.54927923852,16066
静安区,310106017000,宝山路街道,street,4126.5752282045605,4305.766653494849,5920.228639131158,6456.453779006446,179.19142529028886,536.2251398752878,5190
静安区,310106018000,共和新路街道,street,3429.7726900489315,5917.170580342194,5021.849957280248,9056.95752806542,2487.397890293262,4035.1075707851724,7662
静安区,310106019000,大宁路街道,street,39913.11435760487,28477.95226314114,58021.88570887384,39709.04820554527,-11435.162094463733,-18312.83750332857,28424
静安区,310106020000,彭浦新村街道,street,1508.1295547636919,2878.560057208394,2191.270736750047,4463.522963035977,1370.4305024447021,2272.25222628593,4202
静安区,310106021000,临汾路街道,street,321.8228936373415,788.6556046168017,461.2154683235588,1245.5985283403047,466.8327109794602,784.383060016746,1236
静安区,310106022000,芷江西路街道,street,1022.5921131585196,3383.490278831672,1486.088640090256,5388.954909117342,2360.8981656731526,3902.866269027086,6921
静安区,310106100000,彭浦镇,town,41877.39816210317,29287.82725566711,61105.06494749405,40303.37170419622,-12589.57090643606,-20801.69324329783,27683
黄浦区,310101002000,南京东路街道,street,30642.082377682516,28284.061274363292,45049.03416063814,40445.5625579135,-2358.0211033192245,-4603.4716027246395,25379
黄浦区,310101013000,外滩街道,street,18587.361110986993,23622.22923017238,27364.94512230073,36560.055314668716,5034.868119185387,9195.110192367985,28244
黄浦区,310101015000,半淞园路街道,street,11323.434751456862,8756.44810730068,16551.081913343387,12418.29979049607,-2566.9866441561826,-4132.782122847317,7558
黄浦区,310101017000,小东门街道,street,8954.714755785491,19743.62886059257,13166.903287148416,33464.03761246186,10788.914104807078,20297.134325313447,31506
黄浦区,310101018000,豫园街道,street,14747.401543517815,9910.909787457958,21737.32316826742,12614.840888873636,-4836.491756059857,-9122.482279393784,4904
黄浦区,310101019000,老西门街道,street,8283.68886046372,6761.908699464155,12164.14383029489,9359.112244573167,-1521.7801609995659,-2805.031585721723,4067
黄浦区,310101020000,五里桥街道,street,11972.300018688273,11606.315533204903,17543.39153451014,16932.693248420983,-365.98448548337,-610.6982860891585,11452
黄浦区,310101021000,打浦桥街道,street,20437.07136817679,16535.546910488505,30050.203836049775,22576.678683618346,-3901.5244576882833,-7473.52515243143,12443
黄浦区,310101022000,淮海中路街道,street,23979.27789342892,22123.429704549977,35258.976461806385,31596.080963112516,-1855.848188878943,-3662.8954986938697,20323
黄浦区,310101023000,瑞金二路街道,street,9841.667319812621,11424.521892405584,14489.996685640712,17408.6386958612,1582.8545725929635,2918.6420102204866,13166
