district,accounting_stratum_id,official_control_name_2023,control_type,employment_published,employment_reconciled,rounding_lower,rounding_upper,publication_unit,row_is_official_fine_control,fine_table_status,source_url,source_table,boundary_support,osm_match_name,geometry_is_approximate
闵行区,闵行区-district-fallback,闵行区 district total,district_fallback,1278262.0,1278262,1278262,1278262,people,False,no compatible Fifth Economic Census fine table located,https://tjj.sh.gov.cn/tjnj/jjpcnj2023/zk/html/A1-02.xls,Shanghai district total A1-02,district_fallback,,True
宝山区,outer-宝山区-01,友谊路街道,street,4.78,47795,47750,47850,"10,000 persons, two decimals",True,official rounded counts; constrained within published rounding intervals,https://xxgk.shbsq.gov.cn/article.html?infoid=32cde990-f9fa-496d-8a12-54b34e699b42,Table 1-5,osm_relation,友谊路街道,True
宝山区,outer-宝山区-02,吴淞街道,street,3.5,34996,34950,35050,"10,000 persons, two decimals",True,official rounded counts; constrained within published rounding intervals,https://xxgk.shbsq.gov.cn/article.html?infoid=32cde990-f9fa-496d-8a12-54b34e699b42,Table 1-5,osm_relation,吴淞街道,True
宝山区,outer-宝山区-03,张庙街道,street,1.56,15598,15550,15650,"10,000 persons, two decimals",True,official rounded counts; constrained within published rounding intervals,https://xxgk.shbsq.gov.cn/article.html?infoid=32cde990-f9fa-496d-8a12-54b34e699b42,Table 1-5,osm_relation,张庙街道,True
宝山区,outer-宝山区-04,罗店镇,town,4.95,49495,49450,49550,"10,000 persons, two decimals",True,official rounded counts; constrained within published rounding intervals,https://xxgk.shbsq.gov.cn/article.html?infoid=32cde990-f9fa-496d-8a12-54b34e699b42,Table 1-5,osm_relation,罗店镇,True
宝山区,outer-宝山区-05,大场镇,town,8.32,83191,83150,83250,"10,000 persons, two decimals",True,official rounded counts; constrained within published rounding intervals,https://xxgk.shbsq.gov.cn/article.html?infoid=32cde990-f9fa-496d-8a12-54b34e699b42,Table 1-5,osm_relation,大场镇,True
宝山区,outer-宝山区-06,杨行镇,town,15.01,150084,150050,150150,"10,000 persons, two decimals",True,official rounded counts; constrained within published rounding intervals,https://xxgk.shbsq.gov.cn/article.html?infoid=32cde990-f9fa-496d-8a12-54b34e699b42,Table 1-5,osm_relation,杨行镇,True
宝山区,outer-宝山区-07,月浦镇,town,6.17,61694,61650,61750,"10,000 persons, two decimals",True,official rounded counts; constrained within published rounding intervals,https://xxgk.shbsq.gov.cn/article.html?infoid=32cde990-f9fa-496d-8a12-54b34e699b42,Table 1-5,osm_relation,月浦镇,True
宝山区,outer-宝山区-08,罗泾镇,town,1.96,19598,19550,19650,"10,000 persons, two decimals",True,official rounded counts; constrained within published rounding intervals,https://xxgk.shbsq.gov.cn/article.html?infoid=32cde990-f9fa-496d-8a12-54b34e699b42,Table 1-5,osm_relation,罗泾镇,True
宝山区,outer-宝山区-09,顾村镇,town,7.81,78092,78050,78150,"10,000 persons, two decimals",True,official rounded counts; constrained within published rounding intervals,https://xxgk.shbsq.gov.cn/article.html?infoid=32cde990-f9fa-496d-8a12-54b34e699b42,Table 1-5,osm_relation,顾村镇,True
宝山区,outer-宝山区-10,高境镇,town,10.22,102189,102150,102250,"10,000 persons, two decimals",True,official rounded counts; constrained within published rounding intervals,https://xxgk.shbsq.gov.cn/article.html?infoid=32cde990-f9fa-496d-8a12-54b34e699b42,Table 1-5,osm_relation,高境镇,True
宝山区,outer-宝山区-11,庙行镇,town,2.89,28897,28850,28950,"10,000 persons, two decimals",True,official rounded counts; constrained within published rounding intervals,https://xxgk.shbsq.gov.cn/article.html?infoid=32cde990-f9fa-496d-8a12-54b34e699b42,Table 1-5,osm_relation,庙行镇,True
宝山区,outer-宝山区-12,淞南镇,town,3.42,34197,34150,34250,"10,000 persons, two decimals",True,official rounded counts; constrained within published rounding intervals,https://xxgk.shbsq.gov.cn/article.html?infoid=32cde990-f9fa-496d-8a12-54b34e699b42,Table 1-5,osm_relation,淞南镇,True
宝山区,outer-宝山区-13,宝山高新区,functional_zone,5.54,55394,55350,55450,"10,000 persons, two decimals",True,official rounded counts; constrained within published rounding intervals,https://xxgk.shbsq.gov.cn/article.html?infoid=32cde990-f9fa-496d-8a12-54b34e699b42,Table 1-5,district_overlay,,True
嘉定区,outer-嘉定区-01,安亭镇,town,18.4,159151,158559,159425,"percentage of geographically allocated employment, one decimal",True,official rounded shares; maximum-entropy proportional counts constrained to fine subtotal,https://www.jiading.gov.cn/upload/tongji/ContentManage/Article/File/8880f9029c32450584bcba4b0f341050.pdf,geographic employment infographic,osm_relation,安亭镇,True
嘉定区,outer-嘉定区-02,江桥镇,town,15.0,129743,129181,130046,"percentage of geographically allocated employment, one decimal",True,official rounded shares; maximum-entropy proportional counts constrained to fine subtotal,https://www.jiading.gov.cn/upload/tongji/ContentManage/Article/File/8880f9029c32450584bcba4b0f341050.pdf,geographic employment infographic,osm_relation,江桥镇,True
嘉定区,outer-嘉定区-03,马陆镇,town,14.9,128878,128316,129182,"percentage of geographically allocated employment, one decimal",True,official rounded shares; maximum-entropy proportional counts constrained to fine subtotal,https://www.jiading.gov.cn/upload/tongji/ContentManage/Article/File/8880f9029c32450584bcba4b0f341050.pdf,geographic employment infographic,osm_relation,马陆镇,True
嘉定区,outer-嘉定区-04,南翔镇,town,14.4,124553,123996,124861,"percentage of geographically allocated employment, one decimal",True,official rounded shares; maximum-entropy proportional counts constrained to fine subtotal,https://www.jiading.gov.cn/upload/tongji/ContentManage/Article/File/8880f9029c32450584bcba4b0f341050.pdf,geographic employment infographic,osm_relation,南翔镇,True
嘉定区,outer-嘉定区-05,嘉定工业区,functional_zone,8.9,76981,76471,77336,"percentage of geographically allocated employment, one decimal",True,official rounded shares; maximum-entropy proportional counts constrained to fine subtotal,https://www.jiading.gov.cn/upload/tongji/ContentManage/Article/File/8880f9029c32450584bcba4b0f341050.pdf,geographic employment infographic,district_overlay,,True
嘉定区,outer-嘉定区-06,外冈镇,town,6.2,53627,53141,54006,"percentage of geographically allocated employment, one decimal",True,official rounded shares; maximum-entropy proportional counts constrained to fine subtotal,https://www.jiading.gov.cn/upload/tongji/ContentManage/Article/File/8880f9029c32450584bcba4b0f341050.pdf,geographic employment infographic,osm_relation,外冈镇,True
嘉定区,outer-嘉定区-07,徐行镇,town,5.7,49302,48820,49686,"percentage of geographically allocated employment, one decimal",True,official rounded shares; maximum-entropy proportional counts constrained to fine subtotal,https://www.jiading.gov.cn/upload/tongji/ContentManage/Article/File/8880f9029c32450584bcba4b0f341050.pdf,geographic employment infographic,osm_relation,徐行镇,True
嘉定区,outer-嘉定区-08,真新街道,street,5.3,45842,45364,46229,"percentage of geographically allocated employment, one decimal",True,official rounded shares; maximum-entropy proportional counts constrained to fine subtotal,https://www.jiading.gov.cn/upload/tongji/ContentManage/Article/File/8880f9029c32450584bcba4b0f341050.pdf,geographic employment infographic,osm_relation,真新街道,True
嘉定区,outer-嘉定区-09,菊园新区,town,4.2,36328,35859,36724,"percentage of geographically allocated employment, one decimal",True,official rounded shares; maximum-entropy proportional counts constrained to fine subtotal,https://www.jiading.gov.cn/upload/tongji/ContentManage/Article/File/8880f9029c32450584bcba4b0f341050.pdf,geographic employment infographic,osm_relation,菊园街道,True
嘉定区,outer-嘉定区-10,华亭镇,town,2.4,20759,20306,21171,"percentage of geographically allocated employment, one decimal",True,official rounded shares; maximum-entropy proportional counts constrained to fine subtotal,https://www.jiading.gov.cn/upload/tongji/ContentManage/Article/File/8880f9029c32450584bcba4b0f341050.pdf,geographic employment infographic,osm_relation,华亭镇,True
嘉定区,outer-嘉定区-11,新成路街道,street,2.3,19894,19441,20307,"percentage of geographically allocated employment, one decimal",True,official rounded shares; maximum-entropy proportional counts constrained to fine subtotal,https://www.jiading.gov.cn/upload/tongji/ContentManage/Article/File/8880f9029c32450584bcba4b0f341050.pdf,geographic employment infographic,osm_relation,新成路街道,True
嘉定区,outer-嘉定区-12,嘉定镇街道,street,2.2,19029,18577,19442,"percentage of geographically allocated employment, one decimal",True,official rounded shares; maximum-entropy proportional counts constrained to fine subtotal,https://www.jiading.gov.cn/upload/tongji/ContentManage/Article/File/8880f9029c32450584bcba4b0f341050.pdf,geographic employment infographic,osm_relation,嘉定镇街道,True
金山区,金山区-district-fallback,金山区 district total,district_fallback,393752.0,393752,393752,393752,people,False,no compatible Fifth Economic Census fine table located,https://tjj.sh.gov.cn/tjnj/jjpcnj2023/zk/html/A1-02.xls,Shanghai district total A1-02,district_fallback,,True
松江区,outer-松江区-01,岳阳街道,street,35808.0,35808,35808,35808,people,True,official exact count,https://www.songjiang.gov.cn/shsj_main/6fe2fe14-800b-4242-b74b-abdaba8eecc5/8888bc4a-2f90-4d61-a978-35850f81cdef/上海市松江区第五次经济普查主要数据公报.pdf,geographic employment table,osm_relation,岳阳街道,True
松江区,outer-松江区-02,永丰街道,street,33857.0,33857,33857,33857,people,True,official exact count,https://www.songjiang.gov.cn/shsj_main/6fe2fe14-800b-4242-b74b-abdaba8eecc5/8888bc4a-2f90-4d61-a978-35850f81cdef/上海市松江区第五次经济普查主要数据公报.pdf,geographic employment table,osm_relation,永丰街道,True
松江区,outer-松江区-03,方松街道,street,35607.0,35607,35607,35607,people,True,official exact count,https://www.songjiang.gov.cn/shsj_main/6fe2fe14-800b-4242-b74b-abdaba8eecc5/8888bc4a-2f90-4d61-a978-35850f81cdef/上海市松江区第五次经济普查主要数据公报.pdf,geographic employment table,osm_relation,方松街道,True
松江区,outer-松江区-04,中山街道,street,82534.0,82534,82534,82534,people,True,official exact count,https://www.songjiang.gov.cn/shsj_main/6fe2fe14-800b-4242-b74b-abdaba8eecc5/8888bc4a-2f90-4d61-a978-35850f81cdef/上海市松江区第五次经济普查主要数据公报.pdf,geographic employment table,osm_relation,中山街道,True
松江区,outer-松江区-05,广富林街道,street,20170.0,20170,20170,20170,people,True,official exact count,https://www.songjiang.gov.cn/shsj_main/6fe2fe14-800b-4242-b74b-abdaba8eecc5/8888bc4a-2f90-4d61-a978-35850f81cdef/上海市松江区第五次经济普查主要数据公报.pdf,geographic employment table,osm_relation,广富林街道,True
松江区,outer-松江区-06,九里亭街道,street,15407.0,15407,15407,15407,people,True,official exact count,https://www.songjiang.gov.cn/shsj_main/6fe2fe14-800b-4242-b74b-abdaba8eecc5/8888bc4a-2f90-4d61-a978-35850f81cdef/上海市松江区第五次经济普查主要数据公报.pdf,geographic employment table,osm_relation,九里亭街道,True
松江区,outer-松江区-07,泗泾镇,town,51348.0,51348,51348,51348,people,True,official exact count,https://www.songjiang.gov.cn/shsj_main/6fe2fe14-800b-4242-b74b-abdaba8eecc5/8888bc4a-2f90-4d61-a978-35850f81cdef/上海市松江区第五次经济普查主要数据公报.pdf,geographic employment table,osm_relation,泗泾镇,True
松江区,outer-松江区-08,佘山镇,town,35298.0,35298,35298,35298,people,True,official exact count,https://www.songjiang.gov.cn/shsj_main/6fe2fe14-800b-4242-b74b-abdaba8eecc5/8888bc4a-2f90-4d61-a978-35850f81cdef/上海市松江区第五次经济普查主要数据公报.pdf,geographic employment table,osm_relation,佘山镇,True
松江区,outer-松江区-09,车墩镇,town,62668.0,62668,62668,62668,people,True,official exact count,https://www.songjiang.gov.cn/shsj_main/6fe2fe14-800b-4242-b74b-abdaba8eecc5/8888bc4a-2f90-4d61-a978-35850f81cdef/上海市松江区第五次经济普查主要数据公报.pdf,geographic employment table,osm_relation,车墩镇,True
松江区,outer-松江区-10,新桥镇,town,91342.0,91342,91342,91342,people,True,official exact count,https://www.songjiang.gov.cn/shsj_main/6fe2fe14-800b-4242-b74b-abdaba8eecc5/8888bc4a-2f90-4d61-a978-35850f81cdef/上海市松江区第五次经济普查主要数据公报.pdf,geographic employment table,osm_relation,新桥镇,True
松江区,outer-松江区-11,洞泾镇,town,39075.0,39075,39075,39075,people,True,official exact count,https://www.songjiang.gov.cn/shsj_main/6fe2fe14-800b-4242-b74b-abdaba8eecc5/8888bc4a-2f90-4d61-a978-35850f81cdef/上海市松江区第五次经济普查主要数据公报.pdf,geographic employment table,osm_relation,洞泾镇,True
松江区,outer-松江区-12,九亭镇,town,84087.0,84087,84087,84087,people,True,official exact count,https://www.songjiang.gov.cn/shsj_main/6fe2fe14-800b-4242-b74b-abdaba8eecc5/8888bc4a-2f90-4d61-a978-35850f81cdef/上海市松江区第五次经济普查主要数据公报.pdf,geographic employment table,osm_relation,九亭镇,True
松江区,outer-松江区-13,泖港镇,town,17633.0,17633,17633,17633,people,True,official exact count,https://www.songjiang.gov.cn/shsj_main/6fe2fe14-800b-4242-b74b-abdaba8eecc5/8888bc4a-2f90-4d61-a978-35850f81cdef/上海市松江区第五次经济普查主要数据公报.pdf,geographic employment table,osm_relation,泖港镇,True
松江区,outer-松江区-14,石湖荡镇,town,31171.0,31171,31171,31171,people,True,official exact count,https://www.songjiang.gov.cn/shsj_main/6fe2fe14-800b-4242-b74b-abdaba8eecc5/8888bc4a-2f90-4d61-a978-35850f81cdef/上海市松江区第五次经济普查主要数据公报.pdf,geographic employment table,osm_relation,石湖荡镇,True
松江区,outer-松江区-15,新浜镇,town,12597.0,12597,12597,12597,people,True,official exact count,https://www.songjiang.gov.cn/shsj_main/6fe2fe14-800b-4242-b74b-abdaba8eecc5/8888bc4a-2f90-4d61-a978-35850f81cdef/上海市松江区第五次经济普查主要数据公报.pdf,geographic employment table,osm_relation,新浜镇,True
松江区,outer-松江区-16,叶榭镇,town,21982.0,21982,21982,21982,people,True,official exact count,https://www.songjiang.gov.cn/shsj_main/6fe2fe14-800b-4242-b74b-abdaba8eecc5/8888bc4a-2f90-4d61-a978-35850f81cdef/上海市松江区第五次经济普查主要数据公报.pdf,geographic employment table,osm_relation,叶榭镇,True
松江区,outer-松江区-17,小昆山镇,town,29215.0,29215,29215,29215,people,True,official exact count,https://www.songjiang.gov.cn/shsj_main/6fe2fe14-800b-4242-b74b-abdaba8eecc5/8888bc4a-2f90-4d61-a978-35850f81cdef/上海市松江区第五次经济普查主要数据公报.pdf,geographic employment table,osm_relation,小昆山镇,True
松江区,outer-松江区-18,松江经济技术开发区,functional_zone,148013.0,148013,148013,148013,people,True,official exact count,https://www.songjiang.gov.cn/shsj_main/6fe2fe14-800b-4242-b74b-abdaba8eecc5/8888bc4a-2f90-4d61-a978-35850f81cdef/上海市松江区第五次经济普查主要数据公报.pdf,geographic employment table,district_overlay,,True
青浦区,outer-青浦区-01,赵巷镇,town,24884.0,24884,24884,24884,people,True,official exact count,https://www.shqp.gov.cn/stat/stat/upload/202511/1112_120139_477.pdf,geographic employment table,osm_relation,赵巷镇,True
青浦区,outer-青浦区-02,徐泾镇,town,92417.0,92417,92417,92417,people,True,official exact count,https://www.shqp.gov.cn/stat/stat/upload/202511/1112_120139_477.pdf,geographic employment table,osm_relation,徐泾镇,True
青浦区,outer-青浦区-03,华新镇,town,76670.0,76670,76670,76670,people,True,official exact count,https://www.shqp.gov.cn/stat/stat/upload/202511/1112_120139_477.pdf,geographic employment table,osm_relation,华新镇,True
青浦区,outer-青浦区-04,重固镇,town,22117.0,22117,22117,22117,people,True,official exact count,https://www.shqp.gov.cn/stat/stat/upload/202511/1112_120139_477.pdf,geographic employment table,osm_relation,重固镇,True
青浦区,outer-青浦区-05,白鹤镇,town,19514.0,19514,19514,19514,people,True,official exact count,https://www.shqp.gov.cn/stat/stat/upload/202511/1112_120139_477.pdf,geographic employment table,osm_relation,白鹤镇,True
青浦区,outer-青浦区-06,朱家角镇,town,34734.0,34734,34734,34734,people,True,official exact count,https://www.shqp.gov.cn/stat/stat/upload/202511/1112_120139_477.pdf,geographic employment table,osm_relation,朱家角镇,True
青浦区,outer-青浦区-07,练塘镇,town,21255.0,21255,21255,21255,people,True,official exact count,https://www.shqp.gov.cn/stat/stat/upload/202511/1112_120139_477.pdf,geographic employment table,osm_relation,练塘镇,True
青浦区,outer-青浦区-08,金泽镇,town,28099.0,28099,28099,28099,people,True,official exact count,https://www.shqp.gov.cn/stat/stat/upload/202511/1112_120139_477.pdf,geographic employment table,osm_relation,金泽镇,True
青浦区,outer-青浦区-09,夏阳街道,street,46519.0,46519,46519,46519,people,True,official exact count,https://www.shqp.gov.cn/stat/stat/upload/202511/1112_120139_477.pdf,geographic employment table,osm_relation,夏阳街道,True
青浦区,outer-青浦区-10,盈浦街道,street,27515.0,27515,27515,27515,people,True,official exact count,https://www.shqp.gov.cn/stat/stat/upload/202511/1112_120139_477.pdf,geographic employment table,osm_relation,盈浦街道,True
青浦区,outer-青浦区-11,香花桥街道,street,151474.0,151474,151474,151474,people,True,official exact count,https://www.shqp.gov.cn/stat/stat/upload/202511/1112_120139_477.pdf,geographic employment table,osm_relation,香花桥街道,True
奉贤区,outer-奉贤区-01,南桥镇,town,108793.0,108793,108793,108793,people,True,official exact count,https://www.fengxian.gov.cn/tzgg/20250801/93379.html,geographic employment table,osm_relation,南桥镇,True
奉贤区,outer-奉贤区-02,奉城镇,town,47863.0,47863,47863,47863,people,True,official exact count,https://www.fengxian.gov.cn/tzgg/20250801/93379.html,geographic employment table,osm_relation,奉城镇,True
奉贤区,outer-奉贤区-03,庄行镇,town,33026.0,33026,33026,33026,people,True,official exact count,https://www.fengxian.gov.cn/tzgg/20250801/93379.html,geographic employment table,osm_relation,庄行镇,True
奉贤区,outer-奉贤区-04,金汇镇,town,54973.0,54973,54973,54973,people,True,official exact count,https://www.fengxian.gov.cn/tzgg/20250801/93379.html,geographic employment table,osm_relation,金汇镇,True
奉贤区,outer-奉贤区-05,四团镇,town,32678.0,32678,32678,32678,people,True,official exact count,https://www.fengxian.gov.cn/tzgg/20250801/93379.html,geographic employment table,osm_relation,四团镇,True
奉贤区,outer-奉贤区-06,青村镇,town,48451.0,48451,48451,48451,people,True,official exact count,https://www.fengxian.gov.cn/tzgg/20250801/93379.html,geographic employment table,osm_relation,青村镇,True
奉贤区,outer-奉贤区-07,柘林镇,town,28160.0,28160,28160,28160,people,True,official exact count,https://www.fengxian.gov.cn/tzgg/20250801/93379.html,geographic employment table,osm_relation,柘林镇,True
奉贤区,outer-奉贤区-08,海湾镇,town,8812.0,8812,8812,8812,people,True,official exact count,https://www.fengxian.gov.cn/tzgg/20250801/93379.html,geographic employment table,osm_relation,海湾镇,True
奉贤区,outer-奉贤区-09,西渡街道,street,27641.0,27641,27641,27641,people,True,official exact count,https://www.fengxian.gov.cn/tzgg/20250801/93379.html,geographic employment table,osm_relation,西渡街道,True
奉贤区,outer-奉贤区-10,头桥街道,street,9039.0,9039,9039,9039,people,True,official exact count,https://www.fengxian.gov.cn/tzgg/20250801/93379.html,geographic employment table,district_overlay,,True
奉贤区,outer-奉贤区-11,海湾旅游区,functional_zone,7087.0,7087,7087,7087,people,True,official exact count,https://www.fengxian.gov.cn/tzgg/20250801/93379.html,geographic employment table,osm_relation,海湾旅游区,True
奉贤区,outer-奉贤区-12,工业综合开发区,functional_zone,77502.0,77502,77502,77502,people,True,official exact count,https://www.fengxian.gov.cn/tzgg/20250801/93379.html,geographic employment table,district_overlay,,True
奉贤区,outer-奉贤区-13,杭州湾开发区,functional_zone,30548.0,30548,30548,30548,people,True,official exact count,https://www.fengxian.gov.cn/tzgg/20250801/93379.html,geographic employment table,district_overlay,,True
奉贤区,outer-奉贤区-14,东方美谷集团,functional_zone,35719.0,35719,35719,35719,people,True,official exact count,https://www.fengxian.gov.cn/tzgg/20250801/93379.html,geographic employment table,district_overlay,,True
奉贤区,outer-奉贤区-15,临港奉贤分区,functional_zone,17017.0,17017,17017,17017,people,True,official exact count,https://www.fengxian.gov.cn/tzgg/20250801/93379.html,geographic employment table,district_overlay,,True
奉贤区,outer-奉贤区-16,市化工区（奉贤）,functional_zone,11740.0,11740,11740,11740,people,True,official exact count,https://www.fengxian.gov.cn/tzgg/20250801/93379.html,geographic employment table,district_overlay,,True
崇明区,outer-崇明区-01,城桥镇,town,46830.0,46830,46830,46830,people,True,official exact count,https://www.shcm.gov.cn/shcm/ecef415d-3c63-47da-bfd3-311441208d44/87e9346e-af5c-4ac3-acbd-902d9d8f0cf7/上海市崇明区第五次全国经济普查主要数据公报（第一号）.pdf,geographic employment table,osm_relation,城桥镇,True
崇明区,outer-崇明区-02,堡镇,town,10443.0,10443,10443,10443,people,True,official exact count,https://www.shcm.gov.cn/shcm/ecef415d-3c63-47da-bfd3-311441208d44/87e9346e-af5c-4ac3-acbd-902d9d8f0cf7/上海市崇明区第五次全国经济普查主要数据公报（第一号）.pdf,geographic employment table,osm_relation,堡镇,True
崇明区,outer-崇明区-03,新河镇,town,6444.0,6444,6444,6444,people,True,official exact count,https://www.shcm.gov.cn/shcm/ecef415d-3c63-47da-bfd3-311441208d44/87e9346e-af5c-4ac3-acbd-902d9d8f0cf7/上海市崇明区第五次全国经济普查主要数据公报（第一号）.pdf,geographic employment table,osm_relation,新河镇,True
崇明区,outer-崇明区-04,庙镇,town,4877.0,4877,4877,4877,people,True,official exact count,https://www.shcm.gov.cn/shcm/ecef415d-3c63-47da-bfd3-311441208d44/87e9346e-af5c-4ac3-acbd-902d9d8f0cf7/上海市崇明区第五次全国经济普查主要数据公报（第一号）.pdf,geographic employment table,osm_relation,庙镇,True
崇明区,outer-崇明区-05,竖新镇,town,5472.0,5472,5472,5472,people,True,official exact count,https://www.shcm.gov.cn/shcm/ecef415d-3c63-47da-bfd3-311441208d44/87e9346e-af5c-4ac3-acbd-902d9d8f0cf7/上海市崇明区第五次全国经济普查主要数据公报（第一号）.pdf,geographic employment table,osm_relation,竖新镇,True
崇明区,outer-崇明区-06,向化镇,town,5672.0,5672,5672,5672,people,True,official exact count,https://www.shcm.gov.cn/shcm/ecef415d-3c63-47da-bfd3-311441208d44/87e9346e-af5c-4ac3-acbd-902d9d8f0cf7/上海市崇明区第五次全国经济普查主要数据公报（第一号）.pdf,geographic employment table,osm_relation,向化镇,True
崇明区,outer-崇明区-07,三星镇,town,2400.0,2400,2400,2400,people,True,official exact count,https://www.shcm.gov.cn/shcm/ecef415d-3c63-47da-bfd3-311441208d44/87e9346e-af5c-4ac3-acbd-902d9d8f0cf7/上海市崇明区第五次全国经济普查主要数据公报（第一号）.pdf,geographic employment table,osm_relation,三星镇,True
崇明区,outer-崇明区-08,港沿镇,town,4303.0,4303,4303,4303,people,True,official exact count,https://www.shcm.gov.cn/shcm/ecef415d-3c63-47da-bfd3-311441208d44/87e9346e-af5c-4ac3-acbd-902d9d8f0cf7/上海市崇明区第五次全国经济普查主要数据公报（第一号）.pdf,geographic employment table,osm_relation,港沿镇,True
崇明区,outer-崇明区-09,中兴镇,town,3407.0,3407,3407,3407,people,True,official exact count,https://www.shcm.gov.cn/shcm/ecef415d-3c63-47da-bfd3-311441208d44/87e9346e-af5c-4ac3-acbd-902d9d8f0cf7/上海市崇明区第五次全国经济普查主要数据公报（第一号）.pdf,geographic employment table,osm_relation,中兴镇,True
崇明区,outer-崇明区-10,陈家镇,town,12059.0,12059,12059,12059,people,True,official exact count,https://www.shcm.gov.cn/shcm/ecef415d-3c63-47da-bfd3-311441208d44/87e9346e-af5c-4ac3-acbd-902d9d8f0cf7/上海市崇明区第五次全国经济普查主要数据公报（第一号）.pdf,geographic employment table,osm_relation,陈家镇,True
崇明区,outer-崇明区-11,绿华镇,town,1186.0,1186,1186,1186,people,True,official exact count,https://www.shcm.gov.cn/shcm/ecef415d-3c63-47da-bfd3-311441208d44/87e9346e-af5c-4ac3-acbd-902d9d8f0cf7/上海市崇明区第五次全国经济普查主要数据公报（第一号）.pdf,geographic employment table,osm_relation,绿华镇,True
崇明区,outer-崇明区-12,港西镇,town,3135.0,3135,3135,3135,people,True,official exact count,https://www.shcm.gov.cn/shcm/ecef415d-3c63-47da-bfd3-311441208d44/87e9346e-af5c-4ac3-acbd-902d9d8f0cf7/上海市崇明区第五次全国经济普查主要数据公报（第一号）.pdf,geographic employment table,osm_relation,港西镇,True
崇明区,outer-崇明区-13,建设镇,town,4314.0,4314,4314,4314,people,True,official exact count,https://www.shcm.gov.cn/shcm/ecef415d-3c63-47da-bfd3-311441208d44/87e9346e-af5c-4ac3-acbd-902d9d8f0cf7/上海市崇明区第五次全国经济普查主要数据公报（第一号）.pdf,geographic employment table,osm_relation,建设镇,True
崇明区,outer-崇明区-14,新海镇,town,2033.0,2033,2033,2033,people,True,official exact count,https://www.shcm.gov.cn/shcm/ecef415d-3c63-47da-bfd3-311441208d44/87e9346e-af5c-4ac3-acbd-902d9d8f0cf7/上海市崇明区第五次全国经济普查主要数据公报（第一号）.pdf,geographic employment table,osm_relation,新海镇,True
崇明区,outer-崇明区-15,东平镇,town,2640.0,2640,2640,2640,people,True,official exact count,https://www.shcm.gov.cn/shcm/ecef415d-3c63-47da-bfd3-311441208d44/87e9346e-af5c-4ac3-acbd-902d9d8f0cf7/上海市崇明区第五次全国经济普查主要数据公报（第一号）.pdf,geographic employment table,osm_relation,东平镇,True
崇明区,outer-崇明区-16,长兴镇,town,32990.0,32990,32990,32990,people,True,official exact count,https://www.shcm.gov.cn/shcm/ecef415d-3c63-47da-bfd3-311441208d44/87e9346e-af5c-4ac3-acbd-902d9d8f0cf7/上海市崇明区第五次全国经济普查主要数据公报（第一号）.pdf,geographic employment table,osm_relation,长兴镇,True
崇明区,outer-崇明区-17,新村乡,township,2968.0,2968,2968,2968,people,True,official exact count,https://www.shcm.gov.cn/shcm/ecef415d-3c63-47da-bfd3-311441208d44/87e9346e-af5c-4ac3-acbd-902d9d8f0cf7/上海市崇明区第五次全国经济普查主要数据公报（第一号）.pdf,geographic employment table,osm_relation,新村乡,True
崇明区,outer-崇明区-18,横沙乡,township,3003.0,3003,3003,3003,people,True,official exact count,https://www.shcm.gov.cn/shcm/ecef415d-3c63-47da-bfd3-311441208d44/87e9346e-af5c-4ac3-acbd-902d9d8f0cf7/上海市崇明区第五次全国经济普查主要数据公报（第一号）.pdf,geographic employment table,osm_relation,横沙乡,True
崇明区,outer-崇明区-19,前卫农场,functional_zone,791.0,791,791,791,people,True,official exact count,https://www.shcm.gov.cn/shcm/ecef415d-3c63-47da-bfd3-311441208d44/87e9346e-af5c-4ac3-acbd-902d9d8f0cf7/上海市崇明区第五次全国经济普查主要数据公报（第一号）.pdf,geographic employment table,district_overlay,,True
崇明区,outer-崇明区-20,东平林场,functional_zone,633.0,633,633,633,people,True,official exact count,https://www.shcm.gov.cn/shcm/ecef415d-3c63-47da-bfd3-311441208d44/87e9346e-af5c-4ac3-acbd-902d9d8f0cf7/上海市崇明区第五次全国经济普查主要数据公报（第一号）.pdf,geographic employment table,district_overlay,,True
崇明区,outer-崇明区-21,上实现代农业园区,functional_zone,428.0,428,428,428,people,True,official exact count,https://www.shcm.gov.cn/shcm/ecef415d-3c63-47da-bfd3-311441208d44/87e9346e-af5c-4ac3-acbd-902d9d8f0cf7/上海市崇明区第五次全国经济普查主要数据公报（第一号）.pdf,geographic employment table,district_overlay,,True
