accounting_control,district,control_name,control_type,control_employment,control_area_m2,jrc_nres_volume_m3,poi_business_finance,poi_industry_logistics,poi_education_research,poi_retail_hospitality,poi_health_public,poi_other_economic,area_cell_equivalents,centroid_x,centroid_y,log1p_jrc_nres_volume_total,log1p_poi_business_finance_total,log1p_poi_industry_logistics_total,log1p_poi_education_research_total,log1p_poi_retail_hospitality_total,log1p_poi_health_public_total,log1p_poi_other_economic_total,spatial_holdout_fold,geographic_holdout_prediction,full_fit_prediction
310101002000,黄浦区,南京东路街道,street,101851,2388226.8749256823,3116084.171883811,27.87014561223984,8.976822654604913,10.639626595973969,309.291860567987,9.668043267130852,33.023841083049774,238.82268749256824,354153.16665178916,3456641.002870454,14.952088019323162,3.362808037383629,2.3002646683504038,2.4544153624050575,5.737513340262691,2.367252662098087,3.527061487209463,4,119901.65251296741,117239.95080044938
310101013000,黄浦区,外滩街道,street,113352,2220624.7295947094,870271.1248900677,29.871077058315276,3.8744841408729553,2.373339056968689,328.7585049985409,4.898301959037781,16.87665324866772,222.06247295947094,355521.226943893,3456905.242205339,13.676561228953002,3.429819728035492,1.58401428159394,1.2159030719196189,5.798360583527253,1.7746645059353647,2.8834955737391437,4,92098.99846793532,88064.27174761638
310101015000,黄浦区,半淞园路街道,street,30334,2858494.0262692217,1379194.7122280274,5.256402649879456,0.5687375068664551,4.755739412307739,36.77166377985478,0.8973915576934814,7.801732110381126,285.84940262692214,356076.88665384264,3453505.0690120426,14.137011070003343,1.8336053633648606,0.4502711601157793,1.7501975156423646,3.631559186054809,0.640480078558857,2.1749485328406633,1,38754.124400793735,42240.04969695207
310101017000,黄浦区,小东门街道,street,126442,2696950.6083268323,1005526.5091768563,6.37779470205307,0.0,0.6529256105422974,51.424683594560626,0.0,5.566832935810089,269.6950608326832,356897.67162521713,3455023.5864154873,13.821022846524585,1.998474773096514,0.0,0.5025468151295006,3.959377541377508,0.0,1.8820316669294082,1,38671.32480096116,41673.82513161736
310101018000,黄浦区,豫园街道,street,19681,1198881.7172667158,1782026.7673758985,7.146110538244248,2.3557732355594636,0.0,66.70059709012509,1.4319653511047363,2.6499325823783875,119.88817172667159,355610.82682792103,3455720.7411626624,14.393262469032848,2.097540578768852,1.2106822164648816,0.0,4.215094999526679,0.8886997169237854,1.2947086968425532,4,50435.47561928915,49340.885565349614
310101019000,黄浦区,老西门街道,street,16323,1211855.9848510674,581837.5413157673,3.7929276418685913,0.7572974562644958,0.0,22.05335727596283,1.324201364517212,2.720828194618225,121.18559848510674,355619.0037969203,3454785.656930157,13.273948267805768,1.567141423436915,0.5637770926927173,0.0,3.1378114107220405,0.8433764808975972,1.3139462764679035,1,25405.817455673536,27464.435319293054
310101020000,黄浦区,五里桥街道,street,45959,3047402.34361558,1083805.9008073106,5.644594940245152,2.036539852619171,0.6067556738853455,39.81518306219578,3.3007057309150696,2.634905297756195,304.740234361558,354802.72076466476,3452607.360526268,13.89599030932705,1.8938037332335338,1.1107186607940407,0.4742170365437738,3.7090541460628255,1.4587791327013546,1.2905830577592214,1,36135.47882857305,38988.45465692439
310101021000,黄浦区,打浦桥街道,street,49936,1573923.8394403325,2006059.4060046661,8.724923210144043,3.4057475924491882,1.6489282846450806,146.03096330368518,2.614828407764435,12.54080322265625,157.39238394403324,354169.0930046967,3453784.2785207527,14.511683359714981,2.274691993344188,1.4829099595056727,0.9741551373092991,4.990643199317305,1.2850443877523172,2.605707587929677,1,61547.59484781795,65688.3070593639
310101022000,黄浦区,淮海中路街道,street,81561,1416476.1154294782,2575498.808834623,27.797265547811985,3.6780454111099243,3.4427068614959717,212.08555641117692,4.61942090511322,21.609835958480836,141.64761154294783,354446.1816566094,3455042.339423647,14.761554173763205,3.360280436377691,1.5428803754919391,1.491263844171025,5.361693758352215,1.7262286168016285,3.1183850309995536,1,91216.90279105793,98880.44100126025
310101023000,黄浦区,瑞金二路街道,street,52840,1941787.9974547457,653324.7093882221,15.245405453443528,9.107872812747955,5.856842637062073,239.58569649932383,4.989790055751801,23.97903965830803,194.17879974547458,353351.62806868745,3454858.8115925486,13.389831073166762,2.7878101274703297,2.3133146066161494,1.9252470787989993,5.4830763524771555,1.7900563623898844,3.2180370595352086,1,63866.19632697749,69238.73761234965
310104003000,徐汇区,天平路街道,street,57800,2691625.915632617,374481.11170692643,14.247562465667725,5.203958260416985,17.436992880702018,172.76606705594062,7.066218656897545,23.718356517553328,269.16259156326174,351903.16799663444,3453546.739520645,12.833299314995989,2.724419651961045,1.8251875174414,2.9143591289462916,5.157709952434011,2.087684804551086,3.2075461464615906,0,69227.20711020812,87205.02260140685
310104004000,徐汇区,湖南路街道,street,48700,1721303.1148307528,1260743.255199633,16.60953129914403,3.9815877586603166,7.278349151015282,218.8936874152422,4.25158711194992,24.39774836719036,172.13031148307527,351668.70231870754,3454416.0036009075,14.047212783275514,2.8684403065459647,1.6057486672622454,2.113643570622048,5.39314419053313,1.658530337956047,3.2346605231341075,0,88106.81078855287,116257.76116651221
310104007000,徐汇区,斜土路街道,street,29800,3228508.8519122116,2055356.8074672003,2.524772865176201,2.206034381389618,0.79278963804245,59.55767899417877,0.6713299751281738,3.556466515660286,322.85088519122115,353196.42942473636,3451886.520370305,14.535960506311934,1.2598159987771749,1.1650347782064707,0.5837728637257454,4.103596282671144,0.5136197017689094,1.5165474362296403,1,65183.58658669196,61398.458506633215
310104008000,徐汇区,枫林路街道,street,56800,2669748.4114901237,985025.8375547712,4.317917461395264,1.3357268571853638,5.546462297439575,42.583011831998824,8.057307977676391,3.207661360502243,266.9748411490124,352042.65536571003,3451877.4362013876,13.800424166031553,1.67108177209024,0.8483231305546601,1.8789247964755598,3.774667437546055,2.203571943195419,1.436906997031292,0,43815.67677445979,57793.74253076083
310104010000,徐汇区,长桥街道,street,20700,5915236.549131928,794025.745460945,0.0,0.0,5.03047283411026,9.57396887588501,0.8224015831947327,0.5835834741592407,591.5236549131928,351346.3767050304,3446395.8076106315,13.584872424121592,0.0,0.0,1.7968254212818655,2.3583952143518627,0.6001551824520257,0.45969030057985333,0,22468.418992882973,27317.884456169068
310104011000,徐汇区,田林街道,street,75600,4113625.735338441,5421671.241828164,6.2454702043533326,2.4601238071918488,4.713536392450333,64.59474947452546,3.0169296860694885,3.091615915298462,411.3625735338441,349380.55481254635,3450701.420200393,15.505914857532325,1.9803764741985583,1.241304370854847,1.742838165138968,4.183495654248705,1.3905178511337024,1.4089399813425054,0,65180.867218893414,94834.52272588188
310104012000,徐汇区,虹梅路街道,street,262100,4478712.541732591,8318059.514319371,11.343836288452149,2.9679646253585816,3.884765326976776,48.886100054597854,6.186083706617355,6.844924893379211,447.87125417325905,347537.5144145403,3449807.161886372,15.933939674363048,2.5131568525338452,1.3782532744026916,1.5861212448273574,3.9097424079334555,1.9721463371925554,2.0598668123187984,0,66063.73947096635,108998.73558680069
310104013000,徐汇区,康健新村街道,street,15900,4035231.0960489614,36681.9489804089,1.8843849194049835,1.6547226309776306,6.087463543415069,24.557163650512695,0.76389080286026,1.4813225865364075,403.52310960489615,348549.9390780844,3448217.423975205,10.510067320641664,1.059311677716812,0.9763401787949151,1.9583275252544075,3.240917655062097,0.567522052528079,0.9087917190451839,0,22069.83059770617,23238.547798059724
310104014000,徐汇区,徐家汇街道,street,216300,4072945.8706872175,3529138.382576602,28.07668244242668,4.429223334789276,21.53820191860199,291.8343415504396,6.588116326332092,15.82259297311306,407.29458706872174,350508.0603293981,3451973.7194529814,15.076564598215391,3.3699365623342477,1.6917960914485854,3.115211732519309,5.67960706192559,2.026583382257328,2.82272280277709,0,119773.1918184777,179491.0421430289
310104015000,徐汇区,凌云路街道,street,12200,3552821.9592782618,815367.3340295361,0.0,0.0,2.2097347378730774,19.35939938688278,0.6632992625236511,0.0,355.2821959278262,349311.6601036349,3446177.26632195,13.611395233721776,0.0,0.0,1.166188297550756,3.0135426915852523,0.508803137432814,0.0,0,27733.721953437816,30811.885717853052
310104016000,徐汇区,龙华街道,street,59600,6188826.151512329,2966930.7114873165,2.562462468147278,1.9297247529029846,3.834827024936676,22.4140966912508,0.0,6.748197675943374,618.8826151512328,352485.6746808967,3449135.3692637617,14.903038882994375,1.2704520102823682,1.0749084776275024,1.5758453526575757,3.1533382636829677,0.0,2.0474602583766734,1,58503.28089338607,56248.21180980118
310104017000,徐汇区,漕河泾街道,street,88600,5231280.40539057,4584629.320006829,3.5333969485759735,0.0,1.288000226020813,53.397682933068275,5.109886627197266,4.306813478469849,523.128040539057,350600.42146879766,3448749.4361582305,15.338220032288346,1.51147153674955,0.0,0.827678172302867,3.996321559812656,1.8099082177244894,1.668991556906244,0,56051.34888105407,75430.46441305996
310104103000,徐汇区,华泾镇,town,10300,7291698.395586322,1580968.8889843577,0.0,0.29737189412117004,2.543790730834007,7.204000000000001,0.0,1.7479812502861023,729.1698395586322,352193.405482637,3444004.756799949,14.27354907045955,0.0,0.26034059832890794,1.2651969821376456,2.104621840210134,0.0,1.010866551296834,0,26668.979113840815,33296.72379626576
310105001000,长宁区,华阳路街道,street,48926,2044032.8251104786,462400.2858801496,14.244581226110459,3.5671030282974243,6.63506707906723,144.9585158855915,3.3520696353912354,10.909134278893472,204.40328251104785,349203.8620741088,3455122.5971382614,13.044188377219115,2.7242241104735787,1.518879093242783,2.032751724364448,4.9833224435636305,1.4706515102048665,2.4773056921352965,0,65884.09259742648,62813.566165412696
310105002000,长宁区,江苏路街道,street,37808,1510585.4368758525,365186.3060240115,5.208464241027832,0.77,4.622500677108764,79.63158292791843,3.0749948620796204,3.101141929626465,151.05854368758526,350165.91657566244,3455052.7239070972,12.808165668128447,1.8259135611783517,0.5709795465857378,1.7267765252797416,4.38989042050123,1.4048694858526742,1.4112654543520176,0,47621.07517862475,42012.699413255716
310105004000,长宁区,新华路街道,street,52426,2195598.7091140486,886086.5423271615,8.746381335258484,1.5161043405532837,2.307709276676178,117.23486354839802,2.7942946207523347,13.890103635787964,219.55987091140486,349729.7183219125,3453598.456517068,13.694571030944534,2.2768960710166724,0.9227118087864453,1.1962558883767807,4.7726730153598105,1.333498522887,2.7006968067649106,0,63092.05500732594,59004.34057692151
310105005000,长宁区,周家桥街道,street,25426,1977056.230916368,609127.7336284176,8.2825031208992,2.2052511763572693,1.1940826177597046,43.280620645761495,2.885895252227783,2.931464512348175,197.7056230916368,347503.8020899562,3454969.828952319,13.319784909621653,2.22813124328226,1.1647904574601273,0.7857640173699971,3.7905471241324853,1.3573533954266872,1.3690120059170694,0,42462.002730975306,42603.323462386514
310105006000,长宁区,天山路街道,street,70756,1899095.1075360083,3658260.99850686,7.837795668244362,2.0931971669197083,3.0287029147148132,141.6430809929371,3.8675263714790344,9.335856718420983,189.90951075360084,347966.22711503186,3454060.9098123093,15.11249872879809,2.1790374867585913,1.1292052378463715,1.3934444667605197,4.960345573103842,1.5825858761188856,2.3356190845622913,0,81168.52288002559,80542.05367435353
310105008000,长宁区,仙霞新村街道,street,20827,2255331.447185719,548356.9059153008,1.4605925869941712,1.535929799079895,3.356171507835388,78.04371709513664,0.6626549959182739,4.736436128616333,225.5331447185719,346346.49161330884,3453809.307682551,13.214683465728811,0.9004022099571903,0.9305603544410027,1.4715935770769368,4.370001080359343,0.5084157198297005,1.7468381339871664,0,45525.698771186544,36161.3514685292
310105009000,长宁区,虹桥街道,street,84297,4045976.3155394415,4198264.764332524,17.368318181037903,4.979436832666397,7.911951348185539,165.4727348419726,17.73594178915024,23.773123663067818,404.59763155394415,347507.28343087784,3452733.7002212144,15.250182084727284,2.9106273425610496,1.788326388388385,2.1873932240346523,5.114831541308366,2.9304436999520638,3.209759342254879,0,95073.63707534168,105537.38764261002
310105010000,长宁区,程家桥街道,street,101760,7900144.418362715,530149.6030946966,2.6413185596466064,2.8448454332351685,2.652388141155243,44.47328150689602,0.7759271860122681,2.6853716564178467,790.0144418362715,342922.7275201662,3452411.3470324073,13.18091640194586,1.2923458577161344,1.3467334027309072,1.2953812388911374,3.8171249338472735,0.5743226448625356,1.304371377114058,0,38889.60500326858,34448.80477800879
310105011000,长宁区,北新泾街道,street,6332,1424018.4149545133,933255.3032955028,1.5564218759536743,0.0,0.5247400403022766,18.764800476312637,0.5727952122688293,1.1581032872200012,142.40184149545132,344208.9981200373,3455277.929758393,13.746435150887965,0.9386085760855226,0.0,0.4218239301529451,2.9839026018994486,0.45285442632476697,0.7692297281650853,0,30085.885453095958,28238.197045809615
310105102000,长宁区,新泾镇,town,148418,11908376.495338377,8963639.149102215,11.35586573600769,4.424819350242615,4.030570691823959,76.66018094694614,13.043909865021705,7.549050199985504,1190.8376495338377,343265.6391333979,3454721.7429162967,16.00868696908804,2.514130908698146,1.6909845993776338,1.6155334352948962,4.352342654289812,2.642188840243843,2.1458201890569772,0,92335.05374478106,106020.15940149482
310106006000,静安区,江宁路街道,street,35000,1832697.9179976378,936200.1734997868,12.925257310867309,7.118991889953613,4.871060228347778,97.07430648243427,2.317788835763931,11.290690310001374,183.26979179976377,351751.37806125474,3456925.5021321927,13.749585661318575,2.633704263981391,2.094205994982608,1.7700352356476852,4.585725420772468,1.1992985477188816,2.5088420904302855,3,82427.99911357602,79705.08193432176
310106011000,静安区,石门二路街道,street,47000,1078083.365315801,361290.4778622224,10.304571044445037,0.9158087593317032,2.03351535320282,76.51515110611916,2.714005473256111,9.653963764309884,107.8083365315801,352923.32148353226,3456823.3145020097,12.79744032942943,2.425207161130792,0.6501398621097166,1.109722129604754,4.350473415395503,1.3121109366117414,2.3659320073542274,4,46591.23430109102,57709.93242880072
310106012000,静安区,南京西路街道,street,152000,1616609.462053324,1873848.5303798786,32.03945963919163,6.521648131012917,8.42041455924511,371.2390377685726,3.7745424103736878,34.127677369117734,161.6609462053324,352610.11827766127,3455839.970118267,14.443505445269675,3.497702593773021,2.0177852803064114,2.242879096032362,5.919536222557157,1.5632981390524452,3.5589893487808277,4,115764.65535307821,154073.83966465457
310106013000,静安区,静安寺街道,street,80000,1569209.4971454577,2629832.1815742725,18.53432195544243,2.8759420704841614,7.299293255209923,198.28379947179556,9.588958538770676,14.161084768772126,156.92094971454577,351287.4238340994,3455362.401844934,14.782430973083027,2.972173018687477,1.354788748221311,2.1161703612023794,5.294729936768737,2.3598118109406685,2.7187319323226586,0,127145.28391602178,126162.09898400254
310106014000,静安区,曹家渡街道,street,48000,1483183.916599798,540203.303055192,15.805317160189151,1.6122574400901795,2.370296188592911,83.64732133245468,1.8633755040168762,4.872217416763306,148.3183916599798,350506.00169107167,3456350.3680278626,13.199702685979403,2.82169533396471,0.9602147670819863,1.2150006302923704,4.438493464043667,1.052001175048545,1.7702323166423177,3,72481.17445702819,70238.53952550543
310106015000,静安区,天目西路街道,street,161000,1922206.4659495696,4898981.31074223,7.657114641666412,1.5815452337265015,4.0486791133880615,84.78106440470219,1.2960570454597473,4.635596078634262,192.22064659495695,352495.8292174194,3458309.965992187,15.40453804982469,2.1583814848011933,0.9483881474488228,1.6191266473687052,4.451798287553393,0.8311933237321872,1.7291029233762907,4,70163.07795703984,95614.282284568
310106016000,静安区,北站街道,street,65000,1768187.2264702325,3922021.803160331,4.189808140397072,1.5164883136749268,0.0,53.447450620770454,0.986338347196579,3.1972860676050185,176.81872264702324,354206.6763872126,3457981.3308781,15.182118099887852,1.6466967293263004,0.9228644033430763,0.0,3.997236027727673,0.6862929172737339,1.434438142048922,4,48835.46157357038,67755.99385772765
310106017000,静安区,宝山路街道,street,21000,1616655.8979898144,248380.26397834092,11.322097036242486,10.985689491033554,3.424044370651245,17.745023927092554,2.463553249835968,12.385229229927063,161.66558979898144,354192.5321696253,3459318.5118168737,12.422720199378443,2.511394157601339,2.4837133957295916,1.4870542937021174,2.9309283266390507,1.242295012936023,2.5941518027074078,4,34952.22405314722,40540.77177139048
310106018000,静安区,共和新路街道,street,31000,2735674.298582722,155733.5789936153,0.0,0.5559951066970825,1.242743194103241,22.395261808633805,2.0402647256851196,0.9577518105506897,273.5674298582722,352677.4453585478,3460326.193043328,11.955908420470811,0.0,0.4421152809550355,0.8076997568314235,3.1525335150499125,1.1119445924442897,0.6717967794604807,4,17458.948806518096,21016.473248031583
310106019000,静安区,大宁路街道,street,115000,6354987.548772765,6959068.201426651,4.534660080075264,1.3182430458068848,4.327634592056274,52.07703769445419,2.1641405820846558,4.752288281917572,635.4987548772765,352325.3709674319,3462751.34194915,15.755556287940017,1.7110301514608923,0.8408095909339168,1.6729073483141752,3.971744399588168,1.151881480677087,1.7495977377159773,4,60869.94539260825,83281.80826842079
310106020000,静安区,彭浦新村街道,street,17000,3271963.878436302,293124.7771781389,0.5750947594642639,0.8883205056190491,0.4605121314525604,5.134893704891205,1.4704743814468384,0.0,327.1963878436302,351571.0400357464,3465452.453258821,12.588357069533158,0.45431543520698625,0.6356878126479475,0.3787871491805963,1.813992751996674,0.9044101894651767,0.0,3,19845.993702286327,19212.78385561234
310106021000,静安区,临汾路街道,street,5000,2141239.1869623032,59951.69798375568,0.0,0.0,0.5480350852012634,1.567230749130249,0.8159399032592773,0.8,214.12391869623033,353166.3156526264,3465503.088628038,11.001311163342193,0.0,0.0,0.43698643976938867,0.9428277884335236,0.5966031867126187,0.5877866649021191,4,9513.813609338631,10414.551093062717
310106022000,静安区,芷江西路街道,street,28000,1582832.5748884073,216851.08908264874,0.0,0.9431902766227722,0.0,8.62922716164589,0.0,2.674602427482605,158.28325748884072,353250.3195400533,3459023.7907202635,12.286970782985374,0.0,0.664331094896874,0.0,2.264802969385616,0.0,1.3014449438146667,4,14654.232074196238,17683.790950861552
310106100000,静安区,彭浦镇,town,112000,7766902.009073119,4344246.497523774,2.8826305055618286,0.0,3.4911204171180725,35.70746289920807,1.3496372890472412,2.7154645323753357,776.6902009073119,350569.3035772,3462787.485605962,15.284363113541007,1.3565128892714802,0.0,1.502102206731682,3.602980083140233,0.8542609711573587,1.312503712714714,3,68445.22736957681,73685.53886937325
310107005000,普陀区,曹杨新村街道,street,22000,2075670.1136722323,790243.0681540675,1.2734203338623047,0.0,0.0,13.617025475502015,1.5678034454584122,1.1467681527137756,207.56701136722322,347927.8452994692,3457418.298687714,13.580097123759362,0.8212854524823889,0.0,0.0,2.6821869777736684,0.9430508429678599,0.7639635264395742,3,32620.832958460887,28997.335377855372
310107014000,普陀区,长风新村街道,street,90000,5799941.436359161,2389811.637956489,8.102024226695299,3.96107249379158,4.793418307304382,104.73301702266932,1.5701740384101868,13.656582567691803,579.9941436359161,347099.2227208698,3456089.511900262,14.686725526674246,2.20849683128013,1.6016219459498167,1.7567224986054784,4.660917209499231,0.9439736158400388,2.6848895565749062,3,95024.31587133203,84530.31158376753
310107015000,普陀区,长寿路街道,street,96000,4039962.563011894,1886704.2241821617,8.95252482175827,0.5784042477607727,5.744005835056305,95.1048797864616,1.335352599620819,5.119048733711242,403.9962563011894,350380.7064701243,3457647.9819272747,14.450342598148096,2.297826269911659,0.4564143669040796,1.908654085921052,4.565440092902078,0.8481628859821555,1.8114066487747615,3,91055.3294718955,81201.26988555246
310107016000,普陀区,甘泉路街道,street,21000,2352023.1838450935,5545.678766985421,0.77,0.7629346251487732,1.6199322533607483,2.119977004528046,0.9292694330215454,0.5297518372535706,235.20231838450934,350228.38772432867,3460256.739887662,8.620954607252562,0.5709795465857378,0.5669798211336239,0.9631484599427971,1.137825631450655,0.6571413991422402,0.42510552437536314,3,7869.736065713149,7581.6406574435805
310107017000,普陀区,石泉路街道,street,20000,3498580.3200513585,4710377.7760980865,3.7855779504776,0.7337732911109924,1.8010530471801758,27.658642603993414,0.0,0.0,349.85803200513584,349088.93675668014,3458825.8634257317,15.365278882312856,1.5656068014100133,0.5503001265067734,1.0299954347563225,3.355455059240496,0.0,0.0,3,69600.87151117143,60086.37228005907
310107020000,普陀区,宜川路街道,street,17000,2221386.7731257523,166282.0470580375,1.8647484183311462,0.0,0.835573673248291,10.267100137710571,0.6253591775894165,2.293958842754364,222.13867731257523,351158.7647422086,3459230.373531921,12.02144671806058,1.052480534210173,0.0,0.6073570611216182,2.4218869868420607,0.4857288237203649,1.1920901370673005,3,23908.717841804595,21814.381661322164
310107021000,普陀区,真如镇街道,street,26000,5966550.280968289,5743712.451295243,0.7749391794204712,2.690625250339508,1.3054605722427368,20.03857268512249,4.3474514865875244,2.9359061789512637,596.6550280968289,346727.00316438696,3459264.9401057838,15.563616501852874,0.5737661572250892,1.3057958882347838,0.8352804709103807,3.0463575474088196,1.6766200897663754,1.3701411422573486,3,52947.460018049,45945.24238436735
310107022000,普陀区,万里街道,street,43000,3096395.0145165413,758193.1718978197,0.0,0.0,0.6632887721061707,9.922595324516296,0.0,2.123083419799805,309.63950145165416,347852.37600074697,3460669.4404147216,13.538694795273841,0.0,0.0,0.5087968304195192,2.3908336091586593,0.0,1.1388207893754512,3,25423.705947824816,22862.131912217625
310107102000,普陀区,长征镇,town,112000,7599882.61601226,10701305.38239686,4.38937135219574,1.5011038970947266,1.476993043422699,61.616011874318126,2.162401795387268,8.039596855044365,759.988261601226,345007.96584009146,3457164.0769875403,16.185876383792326,1.6844287458731482,0.9167321932536301,0.9070453420344451,4.137021026139642,1.1513318007295186,2.2016145777287353,3,101009.16509111553,99390.0346627539
310107103000,普陀区,桃浦镇,town,65000,19158070.902940225,7170050.603719357,3.416585702896118,2.245999336242676,0.843838632106781,11.032940521240235,0.0,1.5394777846336365,1915.8070902940224,344037.0570879121,3462065.4915578314,15.785423409721362,1.485366932176352,1.1774232646076823,0.6118496116017236,2.487647932473663,0.0,0.9319584632916362,3,61895.24531965371,59750.35673697568
310109009000,虹口区,欧阳路街道,street,21300,1665664.5416178633,377451.7913406566,0.0,1.1800063848495483,1.9860150277614594,17.53214267311096,0.7277357578277588,2.488226947784424,166.56645416178634,355783.10979033395,3460953.5687764906,12.841200783799815,0.0,0.7793278056267767,1.093939731844274,2.9195066662680738,0.5468117407649754,1.2493935692352454,4,27278.15918452762,26269.24330829103
310109010000,虹口区,曲阳路街道,street,46159,3054207.4548050226,1660496.576400921,1.9276084685325623,0.5593931078910828,1.753281700015068,26.26691743505001,0.5947927832603455,1.7745359027385712,305.42074548050226,355897.2625525067,3462422.0500627216,14.322627860238054,1.0741858673943112,0.44429671216516714,1.0127935456677752,3.3056741517827755,0.46674381134574067,1.0204834909554814,4,48239.47954738305,49076.36945489961
310109011000,虹口区,广中路街道,street,33773,2878681.3982042843,149492.31585400013,1.1855378150939941,1.2633004188537598,3.027702510356903,26.921887380599976,1.5547680252790452,3.007236797809601,287.86813982042844,354315.17461530754,3461228.2097443873,11.915006960806668,0.7818619378912829,0.8168241103168228,1.3931961167060554,3.329410875201112,0.937961427079398,1.3881019259422458,4,31457.53884056823,29113.18803660354
310109014000,虹口区,嘉兴路街道,street,40429,2613628.679962773,774832.6865052232,3.8475124216079712,0.77,3.630553424358368,42.721962306141855,0.0,4.990918250083923,261.36286799627726,356578.8687375628,3459979.598008433,13.56040368724825,1.5784656706085338,0.5709795465857378,1.5326763910539891,3.7778505457901677,0.0,1.7902446975544937,4,54856.33520601766,54031.157940500394
310109016000,虹口区,凉城新村街道,street,23538,3237080.752076871,626220.478127865,0.85,0.5558951497077942,1.2872034311294556,8.557839390277863,0.585212230682373,0.5577318668365479,323.7080752076871,353898.6241624861,3462926.922378707,13.347459386436455,0.6151856390902335,0.442051038979203,0.8273298621688829,2.2573616963192253,0.4607182978496552,0.4432308317623718,4,29701.417652435102,28500.926864495
310109017000,虹口区,四川北路街道,street,51996,1786382.596755658,488642.4618338295,3.761611484885216,2.996030271053314,0.8878090977668762,53.88702369618416,4.5957589745521545,6.522538959980011,178.6382596755658,355284.1118566442,3459530.142402017,13.099388385617772,1.5605861581939342,1.3853014360962816,0.6354169491400631,4.005276958030719,1.722008984852091,2.017903708635273,4,49765.057805871846,49401.89575365409
310109018000,虹口区,北外滩街道,street,133468,3921199.460621523,3617618.2148382557,11.997911548018456,2.4068030309677124,2.2933296939730643,112.97701995790004,2.639064610004425,12.250894263982772,392.11994606215234,356835.2267614366,3458620.3836682164,15.101326691979533,2.564788694403492,1.2257743239661214,1.1918991180221485,4.7359968487579875,1.2917266733513364,2.5840650417761157,4,105148.04098046465,112281.70809715238
310109019000,虹口区,江湾镇街道,street,29170,4209077.197465294,1518384.6966920386,0.0,0.0,1.546309072971344,10.89271258020401,1.4804031014442445,0.0,420.9077197465294,354704.8559271733,3464502.8887605863,14.23315828680663,0.0,0.0,0.9346448882785088,2.4759258243130806,0.9084210878734864,0.0,4,30969.373341145412,31131.541900885844
310110001000,杨浦区,定海路街道,street,30849,6204378.68825168,4485369.957646016,0.5632002949714661,0.0,2.6704258918762207,14.27433198273182,1.3063960075378418,2.31,620.4378688251679,362223.0222565592,3461676.4809930655,15.316331760789588,0.44673519100356535,0.0,1.3003077021663239,2.726173771383308,0.8356861363042416,1.1969481893889715,5,43032.42217544938,40105.71478247471
310110006000,杨浦区,平凉路街道,street,49638,3183291.094987361,1776953.122560664,6.098891074538231,1.1416299939155579,0.7312799692153931,14.449274018287658,0.0,6.948991878032684,318.3291094987361,359164.81729597884,3459063.244854645,14.390411289448796,1.9599385851641031,0.7615672185030129,0.5488610015418156,2.7375620131321368,0.0,2.0730451128308216,5,44734.34115476463,45695.299565825975
310110008000,杨浦区,江浦路街道,street,44382,2314861.980020919,857713.6778424369,0.7629286646842957,0.77,0.6189721822738647,24.79800144982338,3.2005307269096375,3.8093739628791807,231.4861980020919,358281.47621295706,3460430.4662852203,13.66202677985813,0.5669764401378293,0.5709795465857378,0.48179149250580033,3.250297025742004,1.4352108808560355,1.5705669223994294,5,30135.243660340413,32031.127072368392
310110009000,杨浦区,四平路街道,street,45502,2643341.475192386,1380542.4140549612,1.54,0.0,11.932732847929001,21.557476207494737,0.0,1.4969471883773804,264.3341475192386,357384.33090465417,3461807.1481806086,14.137987757923757,0.9321640810304452,0.0,2.5597615275994055,3.1160665501367544,0.0,0.9150688610448884,4,41686.998296163416,41220.2740205336
310110012000,杨浦区,控江路街道,street,15491,2134134.762966468,345142.26303861267,0.0,0.0,2.691998615860939,4.938417254924774,0.0,0.0,213.4134762966468,359100.8967057555,3461864.059101254,12.751714865003308,0.0,0.0,1.3061679417382979,1.7814426424691365,0.0,0.0,5,17478.926399953558,17591.487394371423
310110013000,杨浦区,长白新村街道,street,11271,3035836.5697246282,3476166.048522338,0.0,0.0,1.9665465950965881,2.0671135067939757,0.0,0.5875124931335449,303.58365697246285,361538.43587216554,3463265.452153856,15.061440821900355,0.0,0.0,1.0873985136879598,1.1207368935095638,0.0,0.4621683214441658,5,26783.327694093583,23767.25001020154
310110015000,杨浦区,延吉新村街道,street,13326,1959310.0940963293,280007.11891100515,0.0,0.7447088360786438,0.0,4.189305766820908,0.0,0.0,195.93100940963294,360342.2059739829,3462366.2137297923,12.54257387784174,0.0,0.5565876856169698,0.0,1.6465999246123244,0.0,0.0,5,14430.546268015252,15345.15975700887
310110016000,杨浦区,殷行街道,street,16658,9612948.891816642,3066600.279928976,0.5098947882652283,0.0,0.0,6.680952908039093,0.0,0.77,961.2948891816642,360842.8454838391,3466992.553103434,14.936080431361557,0.41203997175375856,0.0,0.0,2.0387436160303105,0.0,0.5709795465857378,5,30557.855868536048,29655.835031267037
310110018000,杨浦区,大桥街道,street,72321,4375492.798811565,1910624.958872934,2.071090842485428,0.8472471833229065,0.8799707293510437,25.453241760611533,2.7759289741516113,2.700162698030472,437.5492798811565,360436.57640683383,3460137.102586758,14.462941473490602,1.1220328217718927,0.613696521890712,0.6312562072265263,3.2753787126320852,1.328646438294804,1.3083767911240873,5,42166.00870703676,43259.436371584925
310110019000,杨浦区,五角场街道,street,105944,7405454.601162385,6081172.473145461,10.698009375333786,3.4905728130340576,23.65572909474373,130.4940760228038,2.218265414237976,5.208314259052276,740.5454601162385,357393.75619176036,3463939.5435211444,15.62070824077075,2.4594186884680926,1.5019802689031099,3.2050092911205668,4.8789618013468266,1.1688425231796256,1.8258894032253752,4,113138.51950505702,120606.86620988714
310110020000,杨浦区,新江湾城街道,street,55638,8764349.849561963,1603069.1437828783,0.9837339967489243,3.420512546300888,5.402640461921692,15.99852279996872,0.0,3.067231216430664,876.4349849561963,357793.20021040435,3467116.9381699,14.287431188452734,0.6849809256546373,1.4862556500682427,1.856710477456392,2.8331264461612164,0.0,1.4029624771484397,4,36224.921742541366,36358.29658902814
310110021000,杨浦区,长海路街道,street,40003,8874518.830095354,7692911.778500679,1.521201065182686,2.1974763464927674,3.445793628692627,22.760547478675843,1.7889126539230347,3.9249429297447205,887.4518830095354,360143.5663359639,3464759.5194670255,15.855810044602286,0.9247354011470849,1.1623618569431917,1.4919583971665842,3.168026536260792,1.025651790092197,1.5943126866878201,5,60167.35067131244,55560.109088451136
310115004000,浦东新区,潍坊新村街道,street,153750,3727909.8278094498,3366006.00496058,14.118309420228005,2.5238286912441255,6.065549737215042,165.91639207146167,2.407222330570221,9.65248046696186,372.790982780945,358966.9817167439,3455479.428020741,15.02923773482418,2.7159065536686087,1.25954809487307,1.9552308244632073,5.1174930407728905,1.2258973935412376,2.365792772732597,2,67028.29849640152,76361.54871765227
310115005000,浦东新区,陆家嘴街道,street,200750,6846673.057924546,9600002.623677947,44.245232731193305,2.623542070388794,4.628739931583405,390.24489490525724,4.979158580303192,33.06646271526814,684.6673057924546,357949.981692656,3457053.3884172877,16.077274033904445,3.812097310589034,1.2874520199286088,1.7278856038838153,5.969333693603758,1.7882798524276562,3.528313402251914,4,123002.37473184426,144914.07308216486
310115007000,浦东新区,周家渡街道,street,24750,5806282.422770974,3750555.8610343714,1.8304985165596008,3.5006752610206604,2.7061851620674133,32.024432163476945,0.0,5.802395448684693,580.6282422770975,357162.9267487571,3450720.5677386383,15.137414883197945,1.0404528504031492,1.5042274435232892,1.310003089396347,3.4972476561190677,0.0,1.9172748220142914,1,37950.53068997495,35729.114656242324
310115008000,浦东新区,塘桥街道,street,54750,3784167.685836955,773367.9024719063,9.536696916818618,3.1030341386795044,1.6203078627586365,63.061770049428944,3.733749806880951,6.787957944869995,378.4167685836955,358739.71266802476,3453960.584615668,13.558511448492405,2.3548641084966384,1.4117267338445192,0.9632918157395576,4.159847774917433,1.5547176594376588,2.052578687504361,2,35056.67815254201,40297.59531572586
310115009000,浦东新区,上钢新村街道,street,25750,7503702.4341082955,7693440.884183655,2.0964706134796143,1.9308778834342957,0.0,36.513330889821056,0.6693450212478638,7.356138759851456,750.3702434108295,354826.47159927647,3450295.8982060486,15.855878820565767,1.1302629511134565,1.0753019970717461,0.0,3.6246963601998536,0.5124313466514213,2.122996449570258,1,43775.93184894211,40569.58576730547
310115010000,浦东新区,南码头路街道,street,41750,4071368.3424536176,1190329.4511503216,13.987822443246841,21.452902778983116,3.381306231021881,68.08885390520096,3.2934025716781616,21.55796418339014,407.13683424536174,357968.0848426332,3452344.508175666,13.989741516581256,2.707238034267117,3.111419905561761,1.4773469061884463,4.235393413930648,1.4570795588217313,3.116088182460021,1,51527.52495584661,49692.41518731796
310115011000,浦东新区,沪东新村街道,street,13750,5365884.782739826,4877698.818851365,0.0,0.0,0.7197533249855042,2.0690831923484803,0.0,2.150192835330963,536.5884782739826,364281.2887484111,3461076.905236174,15.400184318113629,0.0,0.0,0.5421808648342437,1.1213788825847937,0.0,1.1474636685292081,5,20545.382899731707,16758.105400585235
310115012000,浦东新区,金杨新村街道,street,23750,8035261.607807526,836393.5262951575,2.953427531719208,0.0,0.6244574785232544,34.54417380261421,1.9329130244255066,5.204155662059784,803.5261607807527,363295.77281980467,3458755.281172728,13.636855702152644,1.3745829322025571,0.0,0.4851739006679489,3.570776255409358,1.0759961354218017,1.8252193355958832,5,28075.21461096647,27941.589367246674
310115013000,浦东新区,洋泾街道,street,51750,7468898.143555546,4485592.394086293,3.2221398544311524,2.9076119661331177,3.975145627260208,56.99310326611996,3.6909083127975464,5.532101032733918,746.8898143555546,361093.05160724506,3457299.976966636,15.316381351097073,1.4403420740388369,1.3629264370637186,1.6044546419932422,4.060324094271331,1.5456262338126407,1.8767286423391696,5,51982.2090712926,46729.01410736084
310115014000,浦东新区,浦兴路街道,street,16750,6256862.104941995,1576545.4422007648,0.0,0.7936649322509766,1.5911317658424378,26.413546823263168,0.0,2.717403829097748,625.6862104941995,365874.04505373264,3460543.469031965,14.270747216588697,0.0,0.5842609748721433,0.9520947554943155,3.311037300822009,0.0,1.3130255292388622,5,24138.9272960515,22285.370590018134
310115015000,浦东新区,东明路街道,street,5750,4913272.344779569,586027.0062033491,0.77,0.3921651840209961,0.0,14.811562165498733,1.7408354997634887,2.1498920917510986,491.3272344779569,358022.869134612,3446767.413289621,13.281122859573026,0.5709795465857378,0.33086022155364425,0.0,2.76074145503707,1.0082628008401953,1.1473681956638186,1,18688.224442849205,17613.561588562137
310115016000,浦东新区,花木街道,street,81750,21069270.15741807,10222864.094815139,14.533913861513138,3.9836038023233415,7.777980715036392,218.1586348451555,8.527735710144043,22.067165735960007,2106.927015741807,361996.2604266925,3453948.5236004894,16.140137445409795,2.743025624823921,1.6061532844094808,2.1722463942980776,5.389795827617941,2.254207093438233,3.138410209673484,2,90554.65024029814,102959.55274855542
310115103000,浦东新区,川沙新镇,town,89000,94372817.68954925,10588861.863470307,2.0288049578666687,4.567435700893402,0.77,122.17603648206592,0.6451855897903442,7.874895710945129,9437.281768954925,375601.3305661414,3446842.595476363,16.17531333348071,1.1081681383794886,1.7169345710738766,0.5709795465857378,4.813614523105936,0.4978531983948193,2.183226584413015,2,52030.38958014602,66657.48983419682
310115104000,浦东新区,高桥镇,town,38000,38952258.417047486,39845501.28888735,1.9462810349464417,4.017335850596428,0.9128023386001587,18.89013597252965,2.428466071486473,0.77,3895.2258417047487,361909.29591191397,3470492.313775146,17.50052009080524,1.0805437089238632,1.6128990857763013,0.6485693597669179,2.9902239290682378,1.2321129516707037,0.5709795465857378,5,70832.73118023697,57578.38683662573
310115105000,浦东新区,北蔡镇,town,60000,23116464.190041028,10020966.263394991,4.968841192722321,1.5073903799057007,3.8329560351371765,53.7098896356821,1.4430164098739624,8.838508574962615,2311.646419004103,362340.55774845247,3449937.753763445,16.12019018223491,1.7865528034920453,0.9192425230112841,1.5754582960156898,4.002044490813274,0.8932335093524962,2.286304131991535,2,60110.85185658168,67611.97586138804
310115110000,浦东新区,合庆镇,town,38000,42932628.73683419,10447303.349166272,0.85,1.58430814743042,0.9488950371742249,7.3636019635200505,0.0,1.4973559379577637,4293.2628736834195,378522.0317995977,3456165.4989807904,16.16185454608088,0.6151856390902335,0.9494578309119445,0.6672625643672668,2.123889191184826,0.0,0.9152325473774783,5,39334.12950796127,32679.439194620572
310115114000,浦东新区,唐镇,town,43000,32145091.96723483,8565535.326902268,4.885063507556915,2.7753931879997253,0.0,32.4145412350893,0.7796270847320557,4.7056449842453,3214.509196723483,372113.5489481069,3455589.7982551483,15.963257306215663,1.7724175320825457,1.32850453303867,0.0,3.5089911715582756,0.5764038393956639,1.7414560328825563,5,58660.77652495824,54101.5267599144
310115117000,浦东新区,曹路镇,town,44000,46586997.95789928,15760407.6384211,2.8807996702194214,2.1095537543296814,1.998003900051117,14.192399756789207,0.0,5.995480296611786,4658.699795789928,373808.47143169766,3461467.90012755,16.573011570891687,1.3560412329713927,1.1344792285420473,1.097946700563855,2.7207952868018337,0.0,1.9452642686068333,5,59311.632264570784,49126.166796501595
310115120000,浦东新区,金桥镇,town,20000,24951291.29976387,36677122.7135038,5.483173465728759,9.183791900277138,7.785803363919258,87.08711989200116,4.997642397880554,14.19687715113163,2495.129129976387,367522.06780311535,3458245.053121458,17.41766378661549,1.8692101228499753,2.320797427059402,2.1731371646884394,4.478326323525354,1.791366458322811,2.721089956160923,5,124040.0727599347,102214.1724337491
310115121000,浦东新区,高行镇,town,35000,22869536.82391596,11738958.994262801,0.8958519697189331,2.1524592232704163,2.5537060618400576,21.510760026454925,0.7768409848213196,2.033396680355072,2286.953682391596,365292.4277579851,3464577.533545235,16.278423781920853,0.6396683257420585,1.1481828540454218,1.2679910200206193,3.113993418296005,0.5748370599806986,1.109683008270175,5,51479.73706967699,43236.72102376682
310115123000,浦东新区,高东镇,town,28000,35960926.07500222,37456821.87977184,3.083677508831024,2.58310529589653,0.6190411448478699,8.55030103111267,1.632236123085022,1.2087743759155274,3596.092607500222,369427.3404894995,3466388.6027288786,17.43869943770933,1.4069979326475883,1.2762298255260993,0.48183408811431,2.256572675578323,0.9678337218574738,0.7924377806590226,5,64513.136833144745,51624.68199703912
310115125000,浦东新区,张江镇,town,21000,45992997.002684504,24884315.460545357,16.98355829536915,6.859667852520943,13.224372744560242,151.1099806652665,2.125569999217987,15.550778999656439,4599.299700268451,367865.0191124384,3451628.8165511317,17.029748301966876,2.889457912431516,2.0617443475992334,2.6549568837544215,5.024603816213437,1.139616666305309,2.806433170180985,2,134032.48845981262,138590.1012852769
310115130000,浦东新区,三林镇,town,96000,33992436.537495606,6905100.5621049125,4.286836869716645,3.6960845589637756,3.373397935628891,64.29175279533864,1.6706175804138184,4.293711142539978,3399.2436537495605,356747.9927105665,3446535.528252142,15.747771053204676,1.665220121796514,1.5467290889573275,1.4755402666050925,4.178865731144492,0.9823097491913966,1.6665195391390994,1,62353.69418689625,63196.16690722714
310115131000,浦东新区,惠南镇,town,68000,65860764.21222942,6753005.350768451,2.142417826652527,0.0,1.3238059878349304,26.24705449485779,0.0,3.5544811868667603,6586.076421222942,382355.40432781726,3434640.0167966005,15.72549834899315,1.144992512103787,0.0,0.8432063535061097,3.304945423335075,0.0,1.5161116245249153,2,37920.06077650506,44477.031292030784
310115132000,浦东新区,周浦镇,town,48000,43184443.22851595,3542520.5308921426,3.2762787127494812,2.9345189332962036,3.4252668023109436,34.651894127976895,2.6038889408111574,3.851331033706665,4318.444322851596,367765.43878920324,3442314.9856666806,15.080349328409135,1.4530831717564674,1.3697886211038806,1.487330570949822,3.57380227666844,1.2820135237360881,1.5792531072371587,2,39873.011645315564,46056.713708363706
310115133000,浦东新区,新场镇,town,26000,53369880.72122221,3894632.5419832873,0.5687495470046997,0.7536338567733765,0.4451974630355835,7.7632989077568055,0.0,1.1694291234016418,5336.988072122221,370968.98357185494,3435187.4746676045,15.175110148645972,0.4502788351359709,0.5616901245955467,0.3682459648480577,2.1705724217004416,0.0,0.7744640561681666,2,21444.41889083722,25738.259510052245
310115134000,浦东新区,大团镇,town,10000,50506872.79017077,1398144.6684239965,0.6134670972824097,0.0,0.0,0.5929811000823975,0.0,0.0,5050.687279017076,380957.2522501017,3428335.2061448474,14.150657394075868,0.4783853401621427,0.0,0.0,0.4656071665024745,0.0,0.0,2,12898.614365242465,14173.748667963953
310115136000,浦东新区,康桥镇,town,57000,40929400.36019905,15740955.323200285,5.813233383893967,4.385257322788238,6.9894885206222535,32.689096654361485,3.1024516224861145,7.604818209409714,4092.9400360199047,365477.8984495943,3445785.6619489267,16.571776556617415,1.9188668068769115,1.6836650945712741,2.0781267427882453,3.517174243593895,1.4115847517093176,2.1523223032822614,2,65688.40725081168,70159.67126232524
310115137000,浦东新区,航头镇,town,39000,59464848.71568311,9029957.088656034,0.0,3.4466645669937135,0.7298495173454285,4.174596524238586,0.0,0.77,5946.484871568311,365287.1105530815,3435651.1636465527,16.016058284037552,0.0,1.492154279628937,0.5480344205329493,1.6437613697811924,0.0,0.5709795465857378,2,20290.07895137155,24593.18472138037
310115139000,浦东新区,祝桥镇,town,82000,161132588.0684497,19265598.345763434,0.7619807124137878,38.78639728188515,1.5396591424942017,119.61359157001972,2.066069483757019,9.03809926211834,16113.258806844971,385403.3169943779,3443918.903606941,16.773831646161295,0.5664385810373829,3.683525077034321,0.9320298761569494,4.7925919775285335,1.12039644286635,2.3063877798188708,2,49756.96041128855,67138.37094090301
310115140000,浦东新区,泥城镇,town,38000,59589559.11704953,11688420.934236012,0.6308750510215759,1.5442726612091064,0.0,9.815844852924346,0.0,0.0,5958.955911704953,386456.73808078375,3419934.529783584,16.274109331541723,0.489116711888561,0.933844817882942,0.0,2.3810121749784563,0.0,0.0,2,27810.88356873691,33257.41032715954
310115141000,浦东新区,宣桥镇,town,36000,45562486.161817364,5380483.579105807,0.6276907920837402,0.0,0.7580891251564026,4.950467390060425,0.0,0.0,4556.248616181736,375696.2834697441,3434858.0879545524,15.498288998547629,0.4871623183886493,0.0,0.5642274948814688,1.7834697694237487,0.0,0.0,2,22050.423242607783,25636.167226750476
310115142000,浦东新区,书院镇,town,14000,54570747.5561775,2873130.931591643,0.0,0.0,0.0,0.7586045861244202,0.0,0.0,5457.074755617749,391463.6880367948,3425834.076854113,14.870913258101528,0.0,0.0,0.0,0.5645206457862836,0.0,0.0,2,12935.811282149467,14973.610579990003
310115143000,浦东新区,万祥镇,town,17000,23239576.383837633,863551.152154533,0.5240215063095093,0.0,0.0,0.0,0.0,0.0,2323.9576383837634,386865.82025982003,3426671.4874015315,13.668809570986587,0.4213525689165312,0.0,0.0,0.0,0.0,0.0,2,10577.965684890942,11453.881150184963
310115144000,浦东新区,老港镇,town,14000,65894780.69161827,2199701.394209562,0.5806583166122437,0.0,0.0,0.0,0.0,0.0,6589.478069161827,391535.0411083629,3434240.2263540104,14.603832633818717,0.4578414163455312,0.0,0.0,0.0,0.0,0.0,2,13050.397385148748,13911.749888946737
310115145000,浦东新区,南汇新城镇,town,138000,151932455.44381094,26807140.719354633,1.0,2.0,8.620306768417358,29.20250653576851,1.474595308303833,3.8282642555236817,15193.245544381094,394854.70300207974,3420228.077750127,17.104178892046516,0.6931471805599453,1.0986122886681098,2.263876152778057,3.4079249188098206,0.9060768708547113,1.5744870356901464,2,47722.596522700864,57883.97869545155
310115501000,浦东新区,中国（上海）自由贸易试验区（保税片区）,functional_zone,149000,22975723.648365416,55699877.44692551,4.364438292980195,4.4779143035411835,0.6190411448478699,16.15493524861336,2.532634546160698,0.77,2297.5723648365415,0.0,0.0,17.835488522613723,1.6797916721820512,1.7007244269691941,0.48183408811431,2.8422859018126663,1.262043922936336,0.5709795465857378,0,50699.0320905533,194323.9281519361
310115502000,浦东新区,金桥经济技术开发区,functional_zone,203000,19475692.46727609,38322516.33315335,5.553938782215118,7.671336298584938,4.117592772245407,64.62535735368728,4.997642397880554,10.366790156960487,1947.569246727609,0.0,0.0,17.46154820131934,1.8800662097104364,2.1600229079336644,1.6326841668199437,4.1839621662864825,1.791366458322811,2.430695959811069,0,79174.58831142541,269992.60277560627
310115503000,浦东新区,张江高科技园区,functional_zone,469000,18303133.39122204,20599299.266405705,15.150106403827667,6.3590299636125565,11.792183656692504,121.32368752640487,2.7782912850379944,10.366589196056127,1830.313339122204,0.0,0.0,16.840767665532688,2.781926638119263,1.9959281256324026,2.5488343325809124,4.806670707719752,1.3292718664349255,2.4306782800019,0,99780.2162113379,353486.2600509524
